	SubjectID	ProblemID	FirstCorrect	EverCorrect	time	norm	avg_prior_percent_correct	avg_prior_percent_correct_prob	1	2	3	4	5	6	7	8	9	10	11	12	13	14	15	16	18	19	22
0	S002	10	True	True	0.0	0.0		15.152	-	-	-	-	-	-	-	-	-	-	-	-	-	-	-	-	-	-	-
1	S002	16	True	True	0.0	0.0	1.0	75.0	-	-	-	-	-	-	-	-	-	0.0	-	-	-	-	-	-	-	-	-
2	S002	18	False	True	16.0	0.85	1.0	40.909	-	-	-	-	-	-	-	-	-	0.0	-	-	-	-	-	0.0	-	-	-
3	S002	22	False	True	5.0	0.7222	0.667	36.364	-	-	-	-	-	-	-	-	-	0.0	-	-	-	-	-	0.0	0.85	-	-
4	S002	13	False	True	0.0	0.0	0.5	38.71	-	-	-	-	-	-	-	-	-	0.0	-	-	-	-	-	0.0	0.85	-	0.7222
5	S002	15	False	True	15.0	0.875	0.4	16.667	-	-	-	-	-	-	-	-	-	0.0	-	-	0.0	-	-	0.0	0.85	-	0.7222
6	S011	1	False	True	1.0	0.6567		52.055	-	-	-	-	-	-	-	-	-	-	-	-	-	-	-	-	-	-	-
7	S011	2	True	True	0.0	0.0	0.0	95.385	0.6567	-	-	-	-	-	-	-	-	-	-	-	-	-	-	-	-	-	-
8	S011	3	True	True	0.0	0.0	0.5	87.931	0.6567	0.0	-	-	-	-	-	-	-	-	-	-	-	-	-	-	-	-	-
9	S011	4	True	True	0.0	0.0	0.667	36.364	0.6567	0.0	0.0	-	-	-	-	-	-	-	-	-	-	-	-	-	-	-	-
10	S011	11	False	False	110.0	1.0	0.75	11.111	0.6567	0.0	0.0	0.0	-	-	-	-	-	-	-	-	-	-	-	-	-	-	-
11	S011	5	False	False	110.0	1.0	0.6	46.341	0.6567	0.0	0.0	0.0	-	-	-	-	-	-	1.0	-	-	-	-	-	-	-	-
12	S011	7	True	True	0.0	0.0	0.5	76.087	0.6567	0.0	0.0	0.0	1.0	-	-	-	-	-	1.0	-	-	-	-	-	-	-	-
13	S011	6	True	True	0.0	0.0	0.571	88.889	0.6567	0.0	0.0	0.0	1.0	-	0.0	-	-	-	1.0	-	-	-	-	-	-	-	-
14	S011	8	True	True	0.0	0.0	0.625	24.39	0.6567	0.0	0.0	0.0	1.0	0.0	0.0	-	-	-	1.0	-	-	-	-	-	-	-	-
15	S011	9	False	False	110.0	1.0	0.667	16.216	0.6567	0.0	0.0	0.0	1.0	0.0	0.0	0.0	-	-	1.0	-	-	-	-	-	-	-	-
16	S011	10	False	False	110.0	1.0	0.6	15.152	0.6567	0.0	0.0	0.0	1.0	0.0	0.0	0.0	1.0	-	1.0	-	-	-	-	-	-	-	-
17	S011	16	True	True	0.0	0.0	0.545	75.0	0.6567	0.0	0.0	0.0	1.0	0.0	0.0	0.0	1.0	1.0	1.0	-	-	-	-	-	-	-	-
18	S011	18	False	True	29.0	0.95	0.583	40.909	0.6567	0.0	0.0	0.0	1.0	0.0	0.0	0.0	1.0	1.0	1.0	-	-	-	-	0.0	-	-	-
19	S011	22	False	True	2.0	0.6111	0.538	36.364	0.6567	0.0	0.0	0.0	1.0	0.0	0.0	0.0	1.0	1.0	1.0	-	-	-	-	0.0	0.95	-	-
20	S011	12	True	True	0.0	0.0	0.5	67.742	0.6567	0.0	0.0	0.0	1.0	0.0	0.0	0.0	1.0	1.0	1.0	-	-	-	-	0.0	0.95	-	0.6111
21	S011	13	False	True	2.0	0.72	0.533	38.71	0.6567	0.0	0.0	0.0	1.0	0.0	0.0	0.0	1.0	1.0	1.0	0.0	-	-	-	0.0	0.95	-	0.6111
22	S011	14	False	True	0.0	0.0	0.5	34.483	0.6567	0.0	0.0	0.0	1.0	0.0	0.0	0.0	1.0	1.0	1.0	0.0	0.72	-	-	0.0	0.95	-	0.6111
23	S011	15	True	True	0.0	0.0	0.471	16.667	0.6567	0.0	0.0	0.0	1.0	0.0	0.0	0.0	1.0	1.0	1.0	0.0	0.72	0.0	-	0.0	0.95	-	0.6111
24	S011	19	False	False	110.0	1.0	0.5	20.0	0.6567	0.0	0.0	0.0	1.0	0.0	0.0	0.0	1.0	1.0	1.0	0.0	0.72	0.0	0.0	0.0	0.95	-	0.6111
25	S014	1	False	True	0.0	0.0		52.055	-	-	-	-	-	-	-	-	-	-	-	-	-	-	-	-	-	-	-
26	S014	2	True	True	0.0	0.0	0.0	95.385	0.0	-	-	-	-	-	-	-	-	-	-	-	-	-	-	-	-	-	-
27	S014	3	True	True	0.0	0.0	0.5	87.931	0.0	0.0	-	-	-	-	-	-	-	-	-	-	-	-	-	-	-	-	-
28	S014	4	False	True	1.0	0.6944	0.667	36.364	0.0	0.0	0.0	-	-	-	-	-	-	-	-	-	-	-	-	-	-	-	-
29	S014	11	False	True	1.0	0.3	0.5	11.111	0.0	0.0	0.0	0.6944	-	-	-	-	-	-	-	-	-	-	-	-	-	-	-
30	S014	5	False	False	110.0	1.0	0.4	46.341	0.0	0.0	0.0	0.6944	-	-	-	-	-	-	0.3	-	-	-	-	-	-	-	-
31	S014	6	True	True	0.0	0.0	0.333	88.889	0.0	0.0	0.0	0.6944	1.0	-	-	-	-	-	0.3	-	-	-	-	-	-	-	-
32	S014	7	False	True	1.0	0.8889	0.429	76.087	0.0	0.0	0.0	0.6944	1.0	0.0	-	-	-	-	0.3	-	-	-	-	-	-	-	-
33	S014	8	False	False	110.0	1.0	0.375	24.39	0.0	0.0	0.0	0.6944	1.0	0.0	0.8889	-	-	-	0.3	-	-	-	-	-	-	-	-
34	S014	9	False	False	110.0	1.0	0.333	16.216	0.0	0.0	0.0	0.6944	1.0	0.0	0.8889	1.0	-	-	0.3	-	-	-	-	-	-	-	-
35	S020	1	False	True	1.0	0.6567		52.055	-	-	-	-	-	-	-	-	-	-	-	-	-	-	-	-	-	-	-
36	S020	2	True	True	0.0	0.0	0.0	95.385	0.6567	-	-	-	-	-	-	-	-	-	-	-	-	-	-	-	-	-	-
37	S020	3	True	True	0.0	0.0	0.5	87.931	0.6567	0.0	-	-	-	-	-	-	-	-	-	-	-	-	-	-	-	-	-
38	S020	4	True	True	0.0	0.0	0.667	36.364	0.6567	0.0	0.0	-	-	-	-	-	-	-	-	-	-	-	-	-	-	-	-
39	S020	11	False	False	110.0	1.0	0.75	11.111	0.6567	0.0	0.0	0.0	-	-	-	-	-	-	-	-	-	-	-	-	-	-	-
40	S020	5	True	True	0.0	0.0	0.6	46.341	0.6567	0.0	0.0	0.0	-	-	-	-	-	-	1.0	-	-	-	-	-	-	-	-
41	S020	6	True	True	0.0	0.0	0.667	88.889	0.6567	0.0	0.0	0.0	0.0	-	-	-	-	-	1.0	-	-	-	-	-	-	-	-
42	S020	7	True	True	0.0	0.0	0.714	76.087	0.6567	0.0	0.0	0.0	0.0	0.0	-	-	-	-	1.0	-	-	-	-	-	-	-	-
43	S020	8	False	False	110.0	1.0	0.75	24.39	0.6567	0.0	0.0	0.0	0.0	0.0	0.0	-	-	-	1.0	-	-	-	-	-	-	-	-
44	S020	9	False	False	110.0	1.0	0.667	16.216	0.6567	0.0	0.0	0.0	0.0	0.0	0.0	1.0	-	-	1.0	-	-	-	-	-	-	-	-
45	S020	10	False	True	6.0	0.6364	0.6	15.152	0.6567	0.0	0.0	0.0	0.0	0.0	0.0	1.0	1.0	-	1.0	-	-	-	-	-	-	-	-
46	S020	16	True	True	0.0	0.0	0.545	75.0	0.6567	0.0	0.0	0.0	0.0	0.0	0.0	1.0	1.0	0.6364	1.0	-	-	-	-	-	-	-	-
47	S020	18	False	True	1.0	0.55	0.583	40.909	0.6567	0.0	0.0	0.0	0.0	0.0	0.0	1.0	1.0	0.6364	1.0	-	-	-	-	0.0	-	-	-
48	S020	22	True	True	0.0	0.0	0.538	36.364	0.6567	0.0	0.0	0.0	0.0	0.0	0.0	1.0	1.0	0.6364	1.0	-	-	-	-	0.0	0.55	-	-
49	S020	12	False	False	110.0	1.0	0.571	67.742	0.6567	0.0	0.0	0.0	0.0	0.0	0.0	1.0	1.0	0.6364	1.0	-	-	-	-	0.0	0.55	-	0.0
50	S020	13	False	False	110.0	1.0	0.533	38.71	0.6567	0.0	0.0	0.0	0.0	0.0	0.0	1.0	1.0	0.6364	1.0	1.0	-	-	-	0.0	0.55	-	0.0
51	S023	14	False	False	110.0	1.0		34.483	-	-	-	-	-	-	-	-	-	-	-	-	-	-	-	-	-	-	-
52	S034	1	False	True	2.0	0.8507		52.055	-	-	-	-	-	-	-	-	-	-	-	-	-	-	-	-	-	-	-
53	S034	2	False	True	0.0	0.0	0.0	95.385	0.8507	-	-	-	-	-	-	-	-	-	-	-	-	-	-	-	-	-	-
54	S034	3	False	True	1.0	0.9474	0.0	87.931	0.8507	0.0	-	-	-	-	-	-	-	-	-	-	-	-	-	-	-	-	-
55	S034	4	False	False	110.0	1.0	0.0	36.364	0.8507	0.0	0.9474	-	-	-	-	-	-	-	-	-	-	-	-	-	-	-	-
56	S034	14	False	True	1.0	0.6	0.0	34.483	0.8507	0.0	0.9474	1.0	-	-	-	-	-	-	-	-	-	-	-	-	-	-	-
57	S034	15	False	False	110.0	1.0	0.0	16.667	0.8507	0.0	0.9474	1.0	-	-	-	-	-	-	-	-	-	0.6	-	-	-	-	-
58	S045	1	False	True	1.0	0.6567		52.055	-	-	-	-	-	-	-	-	-	-	-	-	-	-	-	-	-	-	-
59	S045	2	True	True	0.0	0.0	0.0	95.385	0.6567	-	-	-	-	-	-	-	-	-	-	-	-	-	-	-	-	-	-
60	S045	3	True	True	0.0	0.0	0.5	87.931	0.6567	0.0	-	-	-	-	-	-	-	-	-	-	-	-	-	-	-	-	-
61	S045	4	True	True	0.0	0.0	0.667	36.364	0.6567	0.0	0.0	-	-	-	-	-	-	-	-	-	-	-	-	-	-	-	-
62	S045	11	False	False	110.0	1.0	0.75	11.111	0.6567	0.0	0.0	0.0	-	-	-	-	-	-	-	-	-	-	-	-	-	-	-
63	S045	6	True	True	0.0	0.0	0.6	88.889	0.6567	0.0	0.0	0.0	-	-	-	-	-	-	1.0	-	-	-	-	-	-	-	-
64	S045	8	False	False	110.0	1.0	0.667	24.39	0.6567	0.0	0.0	0.0	-	0.0	-	-	-	-	1.0	-	-	-	-	-	-	-	-
65	S045	7	True	True	0.0	0.0	0.571	76.087	0.6567	0.0	0.0	0.0	-	0.0	-	1.0	-	-	1.0	-	-	-	-	-	-	-	-
66	S045	9	False	False	110.0	1.0	0.625	16.216	0.6567	0.0	0.0	0.0	-	0.0	0.0	1.0	-	-	1.0	-	-	-	-	-	-	-	-
67	S045	10	False	False	110.0	1.0	0.556	15.152	0.6567	0.0	0.0	0.0	-	0.0	0.0	1.0	1.0	-	1.0	-	-	-	-	-	-	-	-
68	S045	16	True	True	0.0	0.0	0.5	75.0	0.6567	0.0	0.0	0.0	-	0.0	0.0	1.0	1.0	1.0	1.0	-	-	-	-	-	-	-	-
69	S045	18	True	True	0.0	0.0	0.545	40.909	0.6567	0.0	0.0	0.0	-	0.0	0.0	1.0	1.0	1.0	1.0	-	-	-	-	0.0	-	-	-
70	S045	22	True	True	0.0	0.0	0.583	36.364	0.6567	0.0	0.0	0.0	-	0.0	0.0	1.0	1.0	1.0	1.0	-	-	-	-	0.0	0.0	-	-
71	S045	12	False	True	1.0	0.9286	0.615	67.742	0.6567	0.0	0.0	0.0	-	0.0	0.0	1.0	1.0	1.0	1.0	-	-	-	-	0.0	0.0	-	0.0
72	S045	13	False	False	110.0	1.0	0.571	38.71	0.6567	0.0	0.0	0.0	-	0.0	0.0	1.0	1.0	1.0	1.0	0.9286	-	-	-	0.0	0.0	-	0.0
73	S049	1	True	True	0.0	0.0		52.055	-	-	-	-	-	-	-	-	-	-	-	-	-	-	-	-	-	-	-
74	S049	2	True	True	0.0	0.0	1.0	95.385	0.0	-	-	-	-	-	-	-	-	-	-	-	-	-	-	-	-	-	-
75	S049	3	True	True	0.0	0.0	1.0	87.931	0.0	0.0	-	-	-	-	-	-	-	-	-	-	-	-	-	-	-	-	-
76	S049	4	False	True	6.0	0.9444	1.0	36.364	0.0	0.0	0.0	-	-	-	-	-	-	-	-	-	-	-	-	-	-	-	-
77	S049	11	False	True	11.0	0.9	0.75	11.111	0.0	0.0	0.0	0.9444	-	-	-	-	-	-	-	-	-	-	-	-	-	-	-
78	S049	5	True	True	0.0	0.0	0.6	46.341	0.0	0.0	0.0	0.9444	-	-	-	-	-	-	0.9	-	-	-	-	-	-	-	-
79	S049	6	True	True	0.0	0.0	0.667	88.889	0.0	0.0	0.0	0.9444	0.0	-	-	-	-	-	0.9	-	-	-	-	-	-	-	-
80	S049	7	False	True	1.0	0.8889	0.714	76.087	0.0	0.0	0.0	0.9444	0.0	0.0	-	-	-	-	0.9	-	-	-	-	-	-	-	-
81	S049	8	False	False	110.0	1.0	0.625	24.39	0.0	0.0	0.0	0.9444	0.0	0.0	0.8889	-	-	-	0.9	-	-	-	-	-	-	-	-
82	S049	16	False	False	110.0	1.0	0.556	75.0	0.0	0.0	0.0	0.9444	0.0	0.0	0.8889	1.0	-	-	0.9	-	-	-	-	-	-	-	-
83	S053	1	True	True	0.0	0.0		52.055	-	-	-	-	-	-	-	-	-	-	-	-	-	-	-	-	-	-	-
84	S053	2	True	True	0.0	0.0	1.0	95.385	0.0	-	-	-	-	-	-	-	-	-	-	-	-	-	-	-	-	-	-
85	S053	3	True	True	0.0	0.0	1.0	87.931	0.0	0.0	-	-	-	-	-	-	-	-	-	-	-	-	-	-	-	-	-
86	S053	4	False	True	1.0	0.6944	1.0	36.364	0.0	0.0	0.0	-	-	-	-	-	-	-	-	-	-	-	-	-	-	-	-
87	S053	11	False	False	110.0	1.0	0.75	11.111	0.0	0.0	0.0	0.6944	-	-	-	-	-	-	-	-	-	-	-	-	-	-	-
88	S053	5	False	True	2.0	0.8462	0.6	46.341	0.0	0.0	0.0	0.6944	-	-	-	-	-	-	1.0	-	-	-	-	-	-	-	-
89	S053	6	False	True	1.0	0.9767	0.5	88.889	0.0	0.0	0.0	0.6944	0.8462	-	-	-	-	-	1.0	-	-	-	-	-	-	-	-
90	S053	7	False	True	1.0	0.8889	0.429	76.087	0.0	0.0	0.0	0.6944	0.8462	0.9767	-	-	-	-	1.0	-	-	-	-	-	-	-	-
91	S053	8	False	False	110.0	1.0	0.375	24.39	0.0	0.0	0.0	0.6944	0.8462	0.9767	0.8889	-	-	-	1.0	-	-	-	-	-	-	-	-
92	S053	9	False	True	7.0	0.6	0.333	16.216	0.0	0.0	0.0	0.6944	0.8462	0.9767	0.8889	1.0	-	-	1.0	-	-	-	-	-	-	-	-
93	S053	10	False	True	9.0	0.8182	0.3	15.152	0.0	0.0	0.0	0.6944	0.8462	0.9767	0.8889	1.0	0.6	-	1.0	-	-	-	-	-	-	-	-
94	S053	16	True	True	0.0	0.0	0.273	75.0	0.0	0.0	0.0	0.6944	0.8462	0.9767	0.8889	1.0	0.6	0.8182	1.0	-	-	-	-	-	-	-	-
95	S053	18	True	True	0.0	0.0	0.333	40.909	0.0	0.0	0.0	0.6944	0.8462	0.9767	0.8889	1.0	0.6	0.8182	1.0	-	-	-	-	0.0	-	-	-
96	S053	22	False	True	6.0	0.7778	0.385	36.364	0.0	0.0	0.0	0.6944	0.8462	0.9767	0.8889	1.0	0.6	0.8182	1.0	-	-	-	-	0.0	0.0	-	-
97	S053	12	True	True	0.0	0.0	0.357	67.742	0.0	0.0	0.0	0.6944	0.8462	0.9767	0.8889	1.0	0.6	0.8182	1.0	-	-	-	-	0.0	0.0	-	0.7778
98	S053	13	True	True	0.0	0.0	0.4	38.71	0.0	0.0	0.0	0.6944	0.8462	0.9767	0.8889	1.0	0.6	0.8182	1.0	0.0	-	-	-	0.0	0.0	-	0.7778
99	S053	14	False	True	0.0	0.0	0.438	34.483	0.0	0.0	0.0	0.6944	0.8462	0.9767	0.8889	1.0	0.6	0.8182	1.0	0.0	0.0	-	-	0.0	0.0	-	0.7778
100	S053	15	False	True	11.0	0.8125	0.412	16.667	0.0	0.0	0.0	0.6944	0.8462	0.9767	0.8889	1.0	0.6	0.8182	1.0	0.0	0.0	0.0	-	0.0	0.0	-	0.7778
101	S053	19	False	True	5.0	0.4706	0.389	20.0	0.0	0.0	0.0	0.6944	0.8462	0.9767	0.8889	1.0	0.6	0.8182	1.0	0.0	0.0	0.0	0.8125	0.0	0.0	-	0.7778
102	S054	1	False	True	0.0	0.0		52.055	-	-	-	-	-	-	-	-	-	-	-	-	-	-	-	-	-	-	-
103	S054	2	True	True	0.0	0.0	0.0	95.385	0.0	-	-	-	-	-	-	-	-	-	-	-	-	-	-	-	-	-	-
104	S054	3	False	True	0.0	0.0	0.5	87.931	0.0	0.0	-	-	-	-	-	-	-	-	-	-	-	-	-	-	-	-	-
105	S054	4	False	False	110.0	1.0	0.333	36.364	0.0	0.0	0.0	-	-	-	-	-	-	-	-	-	-	-	-	-	-	-	-
106	S054	11	False	False	110.0	1.0	0.25	11.111	0.0	0.0	0.0	1.0	-	-	-	-	-	-	-	-	-	-	-	-	-	-	-
107	S054	6	True	True	0.0	0.0	0.2	88.889	0.0	0.0	0.0	1.0	-	-	-	-	-	-	1.0	-	-	-	-	-	-	-	-
108	S054	8	False	False	110.0	1.0	0.333	24.39	0.0	0.0	0.0	1.0	-	0.0	-	-	-	-	1.0	-	-	-	-	-	-	-	-
109	S054	7	True	True	0.0	0.0	0.286	76.087	0.0	0.0	0.0	1.0	-	0.0	-	1.0	-	-	1.0	-	-	-	-	-	-	-	-
110	S058	1	True	True	0.0	0.0		52.055	-	-	-	-	-	-	-	-	-	-	-	-	-	-	-	-	-	-	-
111	S058	16	True	True	0.0	0.0	1.0	75.0	0.0	-	-	-	-	-	-	-	-	-	-	-	-	-	-	-	-	-	-
112	S058	18	True	True	0.0	0.0	1.0	40.909	0.0	-	-	-	-	-	-	-	-	-	-	-	-	-	-	0.0	-	-	-
113	S058	6	True	True	0.0	0.0	1.0	88.889	0.0	-	-	-	-	-	-	-	-	-	-	-	-	-	-	0.0	0.0	-	-
114	S058	2	True	True	0.0	0.0	1.0	95.385	0.0	-	-	-	-	0.0	-	-	-	-	-	-	-	-	-	0.0	0.0	-	-
115	S058	3	True	True	0.0	0.0	1.0	87.931	0.0	0.0	-	-	-	0.0	-	-	-	-	-	-	-	-	-	0.0	0.0	-	-
116	S058	4	True	True	0.0	0.0	1.0	36.364	0.0	0.0	0.0	-	-	0.0	-	-	-	-	-	-	-	-	-	0.0	0.0	-	-
117	S058	5	False	True	3.0	0.9231	1.0	46.341	0.0	0.0	0.0	0.0	-	0.0	-	-	-	-	-	-	-	-	-	0.0	0.0	-	-
118	S058	7	True	True	0.0	0.0	0.875	76.087	0.0	0.0	0.0	0.0	0.9231	0.0	-	-	-	-	-	-	-	-	-	0.0	0.0	-	-
119	S058	8	False	False	110.0	1.0	0.889	24.39	0.0	0.0	0.0	0.0	0.9231	0.0	0.0	-	-	-	-	-	-	-	-	0.0	0.0	-	-
120	S062	1	False	True	1.0	0.6567		52.055	-	-	-	-	-	-	-	-	-	-	-	-	-	-	-	-	-	-	-
121	S062	2	False	True	1.0	0.9688	0.0	95.385	0.6567	-	-	-	-	-	-	-	-	-	-	-	-	-	-	-	-	-	-
122	S062	3	True	True	0.0	0.0	0.0	87.931	0.6567	0.9688	-	-	-	-	-	-	-	-	-	-	-	-	-	-	-	-	-
123	S062	4	False	False	110.0	1.0	0.333	36.364	0.6567	0.9688	0.0	-	-	-	-	-	-	-	-	-	-	-	-	-	-	-	-
124	S062	11	False	False	110.0	1.0	0.25	11.111	0.6567	0.9688	0.0	1.0	-	-	-	-	-	-	-	-	-	-	-	-	-	-	-
125	S062	5	False	False	110.0	1.0	0.2	46.341	0.6567	0.9688	0.0	1.0	-	-	-	-	-	-	1.0	-	-	-	-	-	-	-	-
126	S062	6	False	False	110.0	1.0	0.167	88.889	0.6567	0.9688	0.0	1.0	1.0	-	-	-	-	-	1.0	-	-	-	-	-	-	-	-
127	S062	7	False	True	1.0	0.8889	0.143	76.087	0.6567	0.9688	0.0	1.0	1.0	1.0	-	-	-	-	1.0	-	-	-	-	-	-	-	-
128	S062	8	False	False	110.0	1.0	0.125	24.39	0.6567	0.9688	0.0	1.0	1.0	1.0	0.8889	-	-	-	1.0	-	-	-	-	-	-	-	-
129	S062	9	False	False	110.0	1.0	0.111	16.216	0.6567	0.9688	0.0	1.0	1.0	1.0	0.8889	1.0	-	-	1.0	-	-	-	-	-	-	-	-
130	S065	19	False	False	110.0	1.0		20.0	-	-	-	-	-	-	-	-	-	-	-	-	-	-	-	-	-	-	-
131	S072	1	True	True	0.0	0.0		52.055	-	-	-	-	-	-	-	-	-	-	-	-	-	-	-	-	-	-	-
132	S072	3	True	True	0.0	0.0	1.0	87.931	0.0	-	-	-	-	-	-	-	-	-	-	-	-	-	-	-	-	-	-
133	S072	2	True	True	0.0	0.0	1.0	95.385	0.0	-	0.0	-	-	-	-	-	-	-	-	-	-	-	-	-	-	-	-
134	S072	4	False	True	4.0	0.9167	1.0	36.364	0.0	0.0	0.0	-	-	-	-	-	-	-	-	-	-	-	-	-	-	-	-
135	S072	11	False	False	110.0	1.0	0.75	11.111	0.0	0.0	0.0	0.9167	-	-	-	-	-	-	-	-	-	-	-	-	-	-	-
136	S072	5	True	True	0.0	0.0	0.6	46.341	0.0	0.0	0.0	0.9167	-	-	-	-	-	-	1.0	-	-	-	-	-	-	-	-
137	S072	6	True	True	0.0	0.0	0.667	88.889	0.0	0.0	0.0	0.9167	0.0	-	-	-	-	-	1.0	-	-	-	-	-	-	-	-
138	S072	7	True	True	0.0	0.0	0.714	76.087	0.0	0.0	0.0	0.9167	0.0	0.0	-	-	-	-	1.0	-	-	-	-	-	-	-	-
139	S072	8	False	False	110.0	1.0	0.75	24.39	0.0	0.0	0.0	0.9167	0.0	0.0	0.0	-	-	-	1.0	-	-	-	-	-	-	-	-
140	S072	9	False	False	110.0	1.0	0.667	16.216	0.0	0.0	0.0	0.9167	0.0	0.0	0.0	1.0	-	-	1.0	-	-	-	-	-	-	-	-
141	S072	10	False	True	1.0	0.3182	0.6	15.152	0.0	0.0	0.0	0.9167	0.0	0.0	0.0	1.0	1.0	-	1.0	-	-	-	-	-	-	-	-
142	S072	16	True	True	0.0	0.0	0.545	75.0	0.0	0.0	0.0	0.9167	0.0	0.0	0.0	1.0	1.0	0.3182	1.0	-	-	-	-	-	-	-	-
143	S072	18	True	True	0.0	0.0	0.583	40.909	0.0	0.0	0.0	0.9167	0.0	0.0	0.0	1.0	1.0	0.3182	1.0	-	-	-	-	0.0	-	-	-
144	S072	22	False	True	1.0	0.4444	0.615	36.364	0.0	0.0	0.0	0.9167	0.0	0.0	0.0	1.0	1.0	0.3182	1.0	-	-	-	-	0.0	0.0	-	-
145	S072	12	True	True	0.0	0.0	0.571	67.742	0.0	0.0	0.0	0.9167	0.0	0.0	0.0	1.0	1.0	0.3182	1.0	-	-	-	-	0.0	0.0	-	0.4444
146	S072	13	False	True	0.0	0.0	0.6	38.71	0.0	0.0	0.0	0.9167	0.0	0.0	0.0	1.0	1.0	0.3182	1.0	0.0	-	-	-	0.0	0.0	-	0.4444
147	S072	14	False	True	0.0	0.0	0.562	34.483	0.0	0.0	0.0	0.9167	0.0	0.0	0.0	1.0	1.0	0.3182	1.0	0.0	0.0	-	-	0.0	0.0	-	0.4444
148	S072	19	False	True	1.0	0.4118	0.529	20.0	0.0	0.0	0.0	0.9167	0.0	0.0	0.0	1.0	1.0	0.3182	1.0	0.0	0.0	0.0	-	0.0	0.0	-	0.4444
149	S074	1	True	True	0.0	0.0		52.055	-	-	-	-	-	-	-	-	-	-	-	-	-	-	-	-	-	-	-
150	S074	2	True	True	0.0	0.0	1.0	95.385	0.0	-	-	-	-	-	-	-	-	-	-	-	-	-	-	-	-	-	-
151	S074	3	True	True	0.0	0.0	1.0	87.931	0.0	0.0	-	-	-	-	-	-	-	-	-	-	-	-	-	-	-	-	-
152	S074	4	False	False	110.0	1.0	1.0	36.364	0.0	0.0	0.0	-	-	-	-	-	-	-	-	-	-	-	-	-	-	-	-
153	S082	1	False	True	2.0	0.8507		52.055	-	-	-	-	-	-	-	-	-	-	-	-	-	-	-	-	-	-	-
154	S085	1	True	True	0.0	0.0		52.055	-	-	-	-	-	-	-	-	-	-	-	-	-	-	-	-	-	-	-
155	S085	2	True	True	0.0	0.0	1.0	95.385	0.0	-	-	-	-	-	-	-	-	-	-	-	-	-	-	-	-	-	-
156	S085	3	True	True	0.0	0.0	1.0	87.931	0.0	0.0	-	-	-	-	-	-	-	-	-	-	-	-	-	-	-	-	-
157	S085	4	False	False	110.0	1.0	1.0	36.364	0.0	0.0	0.0	-	-	-	-	-	-	-	-	-	-	-	-	-	-	-	-
158	S085	5	True	True	0.0	0.0	0.75	46.341	0.0	0.0	0.0	1.0	-	-	-	-	-	-	-	-	-	-	-	-	-	-	-
159	S085	7	True	True	0.0	0.0	0.8	76.087	0.0	0.0	0.0	1.0	0.0	-	-	-	-	-	-	-	-	-	-	-	-	-	-
160	S085	6	True	True	0.0	0.0	0.833	88.889	0.0	0.0	0.0	1.0	0.0	-	0.0	-	-	-	-	-	-	-	-	-	-	-	-
161	S085	8	False	False	110.0	1.0	0.857	24.39	0.0	0.0	0.0	1.0	0.0	0.0	0.0	-	-	-	-	-	-	-	-	-	-	-	-
162	S085	9	False	True	20.0	0.84	0.75	16.216	0.0	0.0	0.0	1.0	0.0	0.0	0.0	1.0	-	-	-	-	-	-	-	-	-	-	-
163	S089	3	True	True	0.0	0.0		87.931	-	-	-	-	-	-	-	-	-	-	-	-	-	-	-	-	-	-	-
164	S089	4	False	False	110.0	1.0	1.0	36.364	-	-	0.0	-	-	-	-	-	-	-	-	-	-	-	-	-	-	-	-
165	S089	11	False	False	110.0	1.0	0.5	11.111	-	-	0.0	1.0	-	-	-	-	-	-	-	-	-	-	-	-	-	-	-
166	S089	6	True	True	0.0	0.0	0.333	88.889	-	-	0.0	1.0	-	-	-	-	-	-	1.0	-	-	-	-	-	-	-	-
167	S089	7	True	True	0.0	0.0	0.5	76.087	-	-	0.0	1.0	-	0.0	-	-	-	-	1.0	-	-	-	-	-	-	-	-
168	S089	8	False	False	110.0	1.0	0.6	24.39	-	-	0.0	1.0	-	0.0	0.0	-	-	-	1.0	-	-	-	-	-	-	-	-
169	S089	9	False	False	110.0	1.0	0.5	16.216	-	-	0.0	1.0	-	0.0	0.0	1.0	-	-	1.0	-	-	-	-	-	-	-	-
170	S089	10	False	False	110.0	1.0	0.429	15.152	-	-	0.0	1.0	-	0.0	0.0	1.0	1.0	-	1.0	-	-	-	-	-	-	-	-
171	S089	16	False	True	3.0	0.8636	0.375	75.0	-	-	0.0	1.0	-	0.0	0.0	1.0	1.0	1.0	1.0	-	-	-	-	-	-	-	-
172	S089	18	False	False	110.0	1.0	0.333	40.909	-	-	0.0	1.0	-	0.0	0.0	1.0	1.0	1.0	1.0	-	-	-	-	0.8636	-	-	-
173	S089	22	False	False	110.0	1.0	0.3	36.364	-	-	0.0	1.0	-	0.0	0.0	1.0	1.0	1.0	1.0	-	-	-	-	0.8636	1.0	-	-
174	S089	12	True	True	0.0	0.0	0.273	67.742	-	-	0.0	1.0	-	0.0	0.0	1.0	1.0	1.0	1.0	-	-	-	-	0.8636	1.0	-	1.0
175	S089	13	False	False	110.0	1.0	0.333	38.71	-	-	0.0	1.0	-	0.0	0.0	1.0	1.0	1.0	1.0	0.0	-	-	-	0.8636	1.0	-	1.0
176	S089	14	False	False	110.0	1.0	0.308	34.483	-	-	0.0	1.0	-	0.0	0.0	1.0	1.0	1.0	1.0	0.0	1.0	-	-	0.8636	1.0	-	1.0
177	S089	15	False	False	110.0	1.0	0.286	16.667	-	-	0.0	1.0	-	0.0	0.0	1.0	1.0	1.0	1.0	0.0	1.0	1.0	-	0.8636	1.0	-	1.0
178	S089	1	True	True	0.0	0.0	0.267	52.055	-	-	0.0	1.0	-	0.0	0.0	1.0	1.0	1.0	1.0	0.0	1.0	1.0	1.0	0.8636	1.0	-	1.0
179	S089	2	True	True	0.0	0.0	0.312	95.385	0.0	-	0.0	1.0	-	0.0	0.0	1.0	1.0	1.0	1.0	0.0	1.0	1.0	1.0	0.8636	1.0	-	1.0
180	S089	5	False	False	110.0	1.0	0.353	46.341	0.0	0.0	0.0	1.0	-	0.0	0.0	1.0	1.0	1.0	1.0	0.0	1.0	1.0	1.0	0.8636	1.0	-	1.0
181	S107	1	False	False	110.0	1.0		52.055	-	-	-	-	-	-	-	-	-	-	-	-	-	-	-	-	-	-	-
182	S110	1	True	True	0.0	0.0		52.055	-	-	-	-	-	-	-	-	-	-	-	-	-	-	-	-	-	-	-
183	S110	2	True	True	0.0	0.0	1.0	95.385	0.0	-	-	-	-	-	-	-	-	-	-	-	-	-	-	-	-	-	-
184	S110	3	True	True	8.0	1.0	1.0	87.931	0.0	0.0	-	-	-	-	-	-	-	-	-	-	-	-	-	-	-	-	-
185	S110	4	False	True	0.0	0.0	1.0	36.364	0.0	0.0	1.0	-	-	-	-	-	-	-	-	-	-	-	-	-	-	-	-
186	S110	11	False	False	110.0	1.0	0.75	11.111	0.0	0.0	1.0	0.0	-	-	-	-	-	-	-	-	-	-	-	-	-	-	-
187	S110	7	True	True	0.0	0.0	0.6	76.087	0.0	0.0	1.0	0.0	-	-	-	-	-	-	1.0	-	-	-	-	-	-	-	-
188	S110	6	True	True	0.0	0.0	0.667	88.889	0.0	0.0	1.0	0.0	-	-	0.0	-	-	-	1.0	-	-	-	-	-	-	-	-
189	S112	2	True	True	0.0	0.0		95.385	-	-	-	-	-	-	-	-	-	-	-	-	-	-	-	-	-	-	-
190	S112	1	True	True	0.0	0.0	1.0	52.055	-	0.0	-	-	-	-	-	-	-	-	-	-	-	-	-	-	-	-	-
191	S117	14	False	False	110.0	1.0		34.483	-	-	-	-	-	-	-	-	-	-	-	-	-	-	-	-	-	-	-
192	S127	1	True	True	0.0	0.0		52.055	-	-	-	-	-	-	-	-	-	-	-	-	-	-	-	-	-	-	-
193	S127	2	True	True	0.0	0.0	1.0	95.385	0.0	-	-	-	-	-	-	-	-	-	-	-	-	-	-	-	-	-	-
194	S127	3	True	True	0.0	0.0	1.0	87.931	0.0	0.0	-	-	-	-	-	-	-	-	-	-	-	-	-	-	-	-	-
195	S127	4	False	False	110.0	1.0	1.0	36.364	0.0	0.0	0.0	-	-	-	-	-	-	-	-	-	-	-	-	-	-	-	-
196	S127	6	True	True	0.0	0.0	0.75	88.889	0.0	0.0	0.0	1.0	-	-	-	-	-	-	-	-	-	-	-	-	-	-	-
197	S127	5	True	True	0.0	0.0	0.8	46.341	0.0	0.0	0.0	1.0	-	0.0	-	-	-	-	-	-	-	-	-	-	-	-	-
198	S127	8	False	False	110.0	1.0	0.833	24.39	0.0	0.0	0.0	1.0	0.0	0.0	-	-	-	-	-	-	-	-	-	-	-	-	-
199	S127	7	True	True	0.0	0.0	0.714	76.087	0.0	0.0	0.0	1.0	0.0	0.0	-	1.0	-	-	-	-	-	-	-	-	-	-	-
200	S127	22	False	True	1.0	0.4444	0.75	36.364	0.0	0.0	0.0	1.0	0.0	0.0	0.0	1.0	-	-	-	-	-	-	-	-	-	-	-
201	S127	12	False	False	110.0	1.0	0.667	67.742	0.0	0.0	0.0	1.0	0.0	0.0	0.0	1.0	-	-	-	-	-	-	-	-	-	-	0.4444
202	S127	13	False	True	1.0	0.6	0.6	38.71	0.0	0.0	0.0	1.0	0.0	0.0	0.0	1.0	-	-	-	1.0	-	-	-	-	-	-	0.4444
203	S127	14	False	False	110.0	1.0	0.545	34.483	0.0	0.0	0.0	1.0	0.0	0.0	0.0	1.0	-	-	-	1.0	0.6	-	-	-	-	-	0.4444
204	S127	15	False	False	110.0	1.0	0.5	16.667	0.0	0.0	0.0	1.0	0.0	0.0	0.0	1.0	-	-	-	1.0	0.6	1.0	-	-	-	-	0.4444
205	S127	19	True	True	0.0	0.0	0.462	20.0	0.0	0.0	0.0	1.0	0.0	0.0	0.0	1.0	-	-	-	1.0	0.6	1.0	1.0	-	-	-	0.4444
206	S132	1	False	True	1.0	0.6567		52.055	-	-	-	-	-	-	-	-	-	-	-	-	-	-	-	-	-	-	-
207	S132	3	True	True	0.0	0.0	0.0	87.931	0.6567	-	-	-	-	-	-	-	-	-	-	-	-	-	-	-	-	-	-
208	S132	2	True	True	0.0	0.0	0.5	95.385	0.6567	-	0.0	-	-	-	-	-	-	-	-	-	-	-	-	-	-	-	-
209	S132	4	True	True	0.0	0.0	0.667	36.364	0.6567	0.0	0.0	-	-	-	-	-	-	-	-	-	-	-	-	-	-	-	-
210	S132	11	False	False	110.0	1.0	0.75	11.111	0.6567	0.0	0.0	0.0	-	-	-	-	-	-	-	-	-	-	-	-	-	-	-
211	S132	5	False	False	110.0	1.0	0.6	46.341	0.6567	0.0	0.0	0.0	-	-	-	-	-	-	1.0	-	-	-	-	-	-	-	-
212	S132	6	True	True	0.0	0.0	0.5	88.889	0.6567	0.0	0.0	0.0	1.0	-	-	-	-	-	1.0	-	-	-	-	-	-	-	-
213	S132	7	False	True	1.0	0.8889	0.571	76.087	0.6567	0.0	0.0	0.0	1.0	0.0	-	-	-	-	1.0	-	-	-	-	-	-	-	-
214	S132	8	False	True	8.0	0.8519	0.5	24.39	0.6567	0.0	0.0	0.0	1.0	0.0	0.8889	-	-	-	1.0	-	-	-	-	-	-	-	-
215	S132	9	True	True	0.0	0.0	0.444	16.216	0.6567	0.0	0.0	0.0	1.0	0.0	0.8889	0.8519	-	-	1.0	-	-	-	-	-	-	-	-
216	S132	10	False	False	110.0	1.0	0.5	15.152	0.6567	0.0	0.0	0.0	1.0	0.0	0.8889	0.8519	0.0	-	1.0	-	-	-	-	-	-	-	-
217	S132	16	True	True	0.0	0.0	0.455	75.0	0.6567	0.0	0.0	0.0	1.0	0.0	0.8889	0.8519	0.0	1.0	1.0	-	-	-	-	-	-	-	-
218	S132	18	False	True	7.0	0.8	0.5	40.909	0.6567	0.0	0.0	0.0	1.0	0.0	0.8889	0.8519	0.0	1.0	1.0	-	-	-	-	0.0	-	-	-
219	S132	22	False	False	110.0	1.0	0.462	36.364	0.6567	0.0	0.0	0.0	1.0	0.0	0.8889	0.8519	0.0	1.0	1.0	-	-	-	-	0.0	0.8	-	-
220	S132	12	True	True	0.0	0.0	0.429	67.742	0.6567	0.0	0.0	0.0	1.0	0.0	0.8889	0.8519	0.0	1.0	1.0	-	-	-	-	0.0	0.8	-	1.0
221	S132	13	False	False	110.0	1.0	0.467	38.71	0.6567	0.0	0.0	0.0	1.0	0.0	0.8889	0.8519	0.0	1.0	1.0	0.0	-	-	-	0.0	0.8	-	1.0
222	S132	14	False	True	1.0	0.6	0.438	34.483	0.6567	0.0	0.0	0.0	1.0	0.0	0.8889	0.8519	0.0	1.0	1.0	0.0	1.0	-	-	0.0	0.8	-	1.0
223	S139	1	True	True	0.0	0.0		52.055	-	-	-	-	-	-	-	-	-	-	-	-	-	-	-	-	-	-	-
224	S139	2	True	True	0.0	0.0	1.0	95.385	0.0	-	-	-	-	-	-	-	-	-	-	-	-	-	-	-	-	-	-
225	S139	3	True	True	0.0	0.0	1.0	87.931	0.0	0.0	-	-	-	-	-	-	-	-	-	-	-	-	-	-	-	-	-
226	S148	1	True	True	0.0	0.0		52.055	-	-	-	-	-	-	-	-	-	-	-	-	-	-	-	-	-	-	-
227	S148	2	True	True	0.0	0.0	1.0	95.385	0.0	-	-	-	-	-	-	-	-	-	-	-	-	-	-	-	-	-	-
228	S148	3	True	True	0.0	0.0	1.0	87.931	0.0	0.0	-	-	-	-	-	-	-	-	-	-	-	-	-	-	-	-	-
229	S148	4	False	False	110.0	1.0	1.0	36.364	0.0	0.0	0.0	-	-	-	-	-	-	-	-	-	-	-	-	-	-	-	-
230	S150	1	False	True	0.0	0.0		52.055	-	-	-	-	-	-	-	-	-	-	-	-	-	-	-	-	-	-	-
231	S150	2	True	True	0.0	0.0	0.0	95.385	0.0	-	-	-	-	-	-	-	-	-	-	-	-	-	-	-	-	-	-
232	S150	3	False	True	3.0	0.9649	0.5	87.931	0.0	0.0	-	-	-	-	-	-	-	-	-	-	-	-	-	-	-	-	-
233	S150	4	False	False	110.0	1.0	0.333	36.364	0.0	0.0	0.9649	-	-	-	-	-	-	-	-	-	-	-	-	-	-	-	-
234	S150	11	False	False	110.0	1.0	0.25	11.111	0.0	0.0	0.9649	1.0	-	-	-	-	-	-	-	-	-	-	-	-	-	-	-
235	S150	19	False	False	110.0	1.0	0.2	20.0	0.0	0.0	0.9649	1.0	-	-	-	-	-	-	1.0	-	-	-	-	-	-	-	-
236	S150	5	False	True	0.0	0.0	0.167	46.341	0.0	0.0	0.9649	1.0	-	-	-	-	-	-	1.0	-	-	-	-	-	-	1.0	-
237	S150	6	True	True	0.0	0.0	0.143	88.889	0.0	0.0	0.9649	1.0	0.0	-	-	-	-	-	1.0	-	-	-	-	-	-	1.0	-
238	S150	7	False	True	0.0	0.0	0.25	76.087	0.0	0.0	0.9649	1.0	0.0	0.0	-	-	-	-	1.0	-	-	-	-	-	-	1.0	-
239	S150	8	False	False	110.0	1.0	0.222	24.39	0.0	0.0	0.9649	1.0	0.0	0.0	0.0	-	-	-	1.0	-	-	-	-	-	-	1.0	-
240	S150	9	False	True	1.0	0.28	0.2	16.216	0.0	0.0	0.9649	1.0	0.0	0.0	0.0	1.0	-	-	1.0	-	-	-	-	-	-	1.0	-
241	S150	16	False	True	5.0	0.9091	0.182	75.0	0.0	0.0	0.9649	1.0	0.0	0.0	0.0	1.0	0.28	-	1.0	-	-	-	-	-	-	1.0	-
242	S150	22	False	False	110.0	1.0	0.167	36.364	0.0	0.0	0.9649	1.0	0.0	0.0	0.0	1.0	0.28	-	1.0	-	-	-	-	0.9091	-	1.0	-
243	S150	18	False	True	24.0	0.9	0.154	40.909	0.0	0.0	0.9649	1.0	0.0	0.0	0.0	1.0	0.28	-	1.0	-	-	-	-	0.9091	-	1.0	1.0
244	S150	12	True	True	0.0	0.0	0.143	67.742	0.0	0.0	0.9649	1.0	0.0	0.0	0.0	1.0	0.28	-	1.0	-	-	-	-	0.9091	0.9	1.0	1.0
245	S150	13	False	True	1.0	0.6	0.2	38.71	0.0	0.0	0.9649	1.0	0.0	0.0	0.0	1.0	0.28	-	1.0	0.0	-	-	-	0.9091	0.9	1.0	1.0
246	S150	14	False	True	31.0	0.96	0.188	34.483	0.0	0.0	0.9649	1.0	0.0	0.0	0.0	1.0	0.28	-	1.0	0.0	0.6	-	-	0.9091	0.9	1.0	1.0
247	S150	15	False	True	10.0	0.75	0.176	16.667	0.0	0.0	0.9649	1.0	0.0	0.0	0.0	1.0	0.28	-	1.0	0.0	0.6	0.96	-	0.9091	0.9	1.0	1.0
248	S150	10	False	False	110.0	1.0	0.167	15.152	0.0	0.0	0.9649	1.0	0.0	0.0	0.0	1.0	0.28	-	1.0	0.0	0.6	0.96	0.75	0.9091	0.9	1.0	1.0
249	S170	1	False	True	0.0	0.0		52.055	-	-	-	-	-	-	-	-	-	-	-	-	-	-	-	-	-	-	-
250	S170	2	True	True	0.0	0.0	0.0	95.385	0.0	-	-	-	-	-	-	-	-	-	-	-	-	-	-	-	-	-	-
251	S170	3	True	True	0.0	0.0	0.5	87.931	0.0	0.0	-	-	-	-	-	-	-	-	-	-	-	-	-	-	-	-	-
252	S170	4	False	False	110.0	1.0	0.667	36.364	0.0	0.0	0.0	-	-	-	-	-	-	-	-	-	-	-	-	-	-	-	-
253	S170	11	False	False	110.0	1.0	0.5	11.111	0.0	0.0	0.0	1.0	-	-	-	-	-	-	-	-	-	-	-	-	-	-	-
254	S170	5	False	False	110.0	1.0	0.4	46.341	0.0	0.0	0.0	1.0	-	-	-	-	-	-	1.0	-	-	-	-	-	-	-	-
255	S170	6	False	True	0.0	0.0	0.333	88.889	0.0	0.0	0.0	1.0	1.0	-	-	-	-	-	1.0	-	-	-	-	-	-	-	-
256	S170	7	True	True	0.0	0.0	0.286	76.087	0.0	0.0	0.0	1.0	1.0	0.0	-	-	-	-	1.0	-	-	-	-	-	-	-	-
257	S170	8	False	True	0.0	0.0	0.375	24.39	0.0	0.0	0.0	1.0	1.0	0.0	0.0	-	-	-	1.0	-	-	-	-	-	-	-	-
258	S170	9	False	True	2.0	0.48	0.333	16.216	0.0	0.0	0.0	1.0	1.0	0.0	0.0	0.0	-	-	1.0	-	-	-	-	-	-	-	-
259	S170	18	False	True	5.0	0.7	0.3	40.909	0.0	0.0	0.0	1.0	1.0	0.0	0.0	0.0	0.48	-	1.0	-	-	-	-	-	-	-	-
260	S170	16	True	True	0.0	0.0	0.273	75.0	0.0	0.0	0.0	1.0	1.0	0.0	0.0	0.0	0.48	-	1.0	-	-	-	-	-	0.7	-	-
261	S170	22	False	True	2.0	0.6111	0.333	36.364	0.0	0.0	0.0	1.0	1.0	0.0	0.0	0.0	0.48	-	1.0	-	-	-	-	0.0	0.7	-	-
262	S170	12	True	True	0.0	0.0	0.308	67.742	0.0	0.0	0.0	1.0	1.0	0.0	0.0	0.0	0.48	-	1.0	-	-	-	-	0.0	0.7	-	0.6111
263	S170	13	False	True	0.0	0.0	0.357	38.71	0.0	0.0	0.0	1.0	1.0	0.0	0.0	0.0	0.48	-	1.0	0.0	-	-	-	0.0	0.7	-	0.6111
264	S170	14	False	True	1.0	0.6	0.333	34.483	0.0	0.0	0.0	1.0	1.0	0.0	0.0	0.0	0.48	-	1.0	0.0	0.0	-	-	0.0	0.7	-	0.6111
265	S170	15	False	False	110.0	1.0	0.312	16.667	0.0	0.0	0.0	1.0	1.0	0.0	0.0	0.0	0.48	-	1.0	0.0	0.0	0.6	-	0.0	0.7	-	0.6111
266	S170	19	False	True	35.0	0.8235	0.294	20.0	0.0	0.0	0.0	1.0	1.0	0.0	0.0	0.0	0.48	-	1.0	0.0	0.0	0.6	1.0	0.0	0.7	-	0.6111
267	S170	10	False	True	3.0	0.5455	0.278	15.152	0.0	0.0	0.0	1.0	1.0	0.0	0.0	0.0	0.48	-	1.0	0.0	0.0	0.6	1.0	0.0	0.7	0.8235	0.6111
268	S175	1	True	True	0.0	0.0		52.055	-	-	-	-	-	-	-	-	-	-	-	-	-	-	-	-	-	-	-
269	S175	2	True	True	0.0	0.0	1.0	95.385	0.0	-	-	-	-	-	-	-	-	-	-	-	-	-	-	-	-	-	-
270	S175	6	True	True	0.0	0.0	1.0	88.889	0.0	0.0	-	-	-	-	-	-	-	-	-	-	-	-	-	-	-	-	-
271	S175	16	True	True	0.0	0.0	1.0	75.0	0.0	0.0	-	-	-	0.0	-	-	-	-	-	-	-	-	-	-	-	-	-
272	S175	18	True	True	0.0	0.0	1.0	40.909	0.0	0.0	-	-	-	0.0	-	-	-	-	-	-	-	-	-	0.0	-	-	-
273	S175	22	False	True	6.0	0.7778	1.0	36.364	0.0	0.0	-	-	-	0.0	-	-	-	-	-	-	-	-	-	0.0	0.0	-	-
274	S175	12	False	False	110.0	1.0	0.833	67.742	0.0	0.0	-	-	-	0.0	-	-	-	-	-	-	-	-	-	0.0	0.0	-	0.7778
275	S175	13	False	False	110.0	1.0	0.714	38.71	0.0	0.0	-	-	-	0.0	-	-	-	-	-	1.0	-	-	-	0.0	0.0	-	0.7778
276	S175	15	False	False	110.0	1.0	0.625	16.667	0.0	0.0	-	-	-	0.0	-	-	-	-	-	1.0	1.0	-	-	0.0	0.0	-	0.7778
277	S180	1	False	False	110.0	1.0		52.055	-	-	-	-	-	-	-	-	-	-	-	-	-	-	-	-	-	-	-
278	S180	2	True	True	0.0	0.0	0.0	95.385	1.0	-	-	-	-	-	-	-	-	-	-	-	-	-	-	-	-	-	-
279	S180	3	True	True	0.0	0.0	0.5	87.931	1.0	0.0	-	-	-	-	-	-	-	-	-	-	-	-	-	-	-	-	-
280	S180	4	False	False	110.0	1.0	0.667	36.364	1.0	0.0	0.0	-	-	-	-	-	-	-	-	-	-	-	-	-	-	-	-
281	S180	11	False	False	110.0	1.0	0.5	11.111	1.0	0.0	0.0	1.0	-	-	-	-	-	-	-	-	-	-	-	-	-	-	-
282	S180	16	False	False	110.0	1.0	0.4	75.0	1.0	0.0	0.0	1.0	-	-	-	-	-	-	1.0	-	-	-	-	-	-	-	-
283	S180	22	False	False	110.0	1.0	0.333	36.364	1.0	0.0	0.0	1.0	-	-	-	-	-	-	1.0	-	-	-	-	1.0	-	-	-
284	S181	9	False	False	110.0	1.0		16.216	-	-	-	-	-	-	-	-	-	-	-	-	-	-	-	-	-	-	-
285	S187	1	True	True	0.0	0.0		52.055	-	-	-	-	-	-	-	-	-	-	-	-	-	-	-	-	-	-	-
286	S187	2	True	True	0.0	0.0	1.0	95.385	0.0	-	-	-	-	-	-	-	-	-	-	-	-	-	-	-	-	-	-
287	S187	3	True	True	0.0	0.0	1.0	87.931	0.0	0.0	-	-	-	-	-	-	-	-	-	-	-	-	-	-	-	-	-
288	S187	4	False	False	110.0	1.0	1.0	36.364	0.0	0.0	0.0	-	-	-	-	-	-	-	-	-	-	-	-	-	-	-	-
289	S187	6	True	True	0.0	0.0	0.75	88.889	0.0	0.0	0.0	1.0	-	-	-	-	-	-	-	-	-	-	-	-	-	-	-
290	S187	7	False	True	0.0	0.0	0.8	76.087	0.0	0.0	0.0	1.0	-	0.0	-	-	-	-	-	-	-	-	-	-	-	-	-
291	S187	16	True	True	0.0	0.0	0.667	75.0	0.0	0.0	0.0	1.0	-	0.0	0.0	-	-	-	-	-	-	-	-	-	-	-	-
292	S187	18	False	False	110.0	1.0	0.714	40.909	0.0	0.0	0.0	1.0	-	0.0	0.0	-	-	-	-	-	-	-	-	0.0	-	-	-
293	S187	14	False	True	0.0	0.0	0.625	34.483	0.0	0.0	0.0	1.0	-	0.0	0.0	-	-	-	-	-	-	-	-	0.0	1.0	-	-
294	S187	19	False	False	110.0	1.0	0.556	20.0	0.0	0.0	0.0	1.0	-	0.0	0.0	-	-	-	-	-	-	0.0	-	0.0	1.0	-	-
295	S194	1	True	True	0.0	0.0		52.055	-	-	-	-	-	-	-	-	-	-	-	-	-	-	-	-	-	-	-
296	S194	2	True	True	0.0	0.0	1.0	95.385	0.0	-	-	-	-	-	-	-	-	-	-	-	-	-	-	-	-	-	-
297	S194	3	True	True	0.0	0.0	1.0	87.931	0.0	0.0	-	-	-	-	-	-	-	-	-	-	-	-	-	-	-	-	-
298	S194	4	False	False	110.0	1.0	1.0	36.364	0.0	0.0	0.0	-	-	-	-	-	-	-	-	-	-	-	-	-	-	-	-
299	S194	11	False	False	110.0	1.0	0.75	11.111	0.0	0.0	0.0	1.0	-	-	-	-	-	-	-	-	-	-	-	-	-	-	-
300	S198	1	False	True	5.0	0.9254		52.055	-	-	-	-	-	-	-	-	-	-	-	-	-	-	-	-	-	-	-
301	S201	1	True	True	0.0	0.0		52.055	-	-	-	-	-	-	-	-	-	-	-	-	-	-	-	-	-	-	-
302	S201	2	True	True	0.0	0.0	1.0	95.385	0.0	-	-	-	-	-	-	-	-	-	-	-	-	-	-	-	-	-	-
303	S201	3	True	True	0.0	0.0	1.0	87.931	0.0	0.0	-	-	-	-	-	-	-	-	-	-	-	-	-	-	-	-	-
304	S201	4	False	True	26.0	0.9722	1.0	36.364	0.0	0.0	0.0	-	-	-	-	-	-	-	-	-	-	-	-	-	-	-	-
305	S201	11	False	False	110.0	1.0	0.75	11.111	0.0	0.0	0.0	0.9722	-	-	-	-	-	-	-	-	-	-	-	-	-	-	-
306	S207	1	False	True	18.0	0.9851		52.055	-	-	-	-	-	-	-	-	-	-	-	-	-	-	-	-	-	-	-
307	S207	2	True	True	0.0	0.0	0.0	95.385	0.9851	-	-	-	-	-	-	-	-	-	-	-	-	-	-	-	-	-	-
308	S207	3	True	True	0.0	0.0	0.5	87.931	0.9851	0.0	-	-	-	-	-	-	-	-	-	-	-	-	-	-	-	-	-
309	S207	4	False	True	0.0	0.0	0.667	36.364	0.9851	0.0	0.0	-	-	-	-	-	-	-	-	-	-	-	-	-	-	-	-
310	S207	11	False	False	110.0	1.0	0.5	11.111	0.9851	0.0	0.0	0.0	-	-	-	-	-	-	-	-	-	-	-	-	-	-	-
311	S207	6	False	False	110.0	1.0	0.4	88.889	0.9851	0.0	0.0	0.0	-	-	-	-	-	-	1.0	-	-	-	-	-	-	-	-
312	S207	7	False	True	3.0	1.0	0.333	76.087	0.9851	0.0	0.0	0.0	-	1.0	-	-	-	-	1.0	-	-	-	-	-	-	-	-
313	S211	1	True	True	0.0	0.0		52.055	-	-	-	-	-	-	-	-	-	-	-	-	-	-	-	-	-	-	-
314	S211	2	True	True	0.0	0.0	1.0	95.385	0.0	-	-	-	-	-	-	-	-	-	-	-	-	-	-	-	-	-	-
315	S211	3	True	True	0.0	0.0	1.0	87.931	0.0	0.0	-	-	-	-	-	-	-	-	-	-	-	-	-	-	-	-	-
316	S211	4	False	True	3.0	0.8889	1.0	36.364	0.0	0.0	0.0	-	-	-	-	-	-	-	-	-	-	-	-	-	-	-	-
317	S211	11	False	True	3.0	0.6	0.75	11.111	0.0	0.0	0.0	0.8889	-	-	-	-	-	-	-	-	-	-	-	-	-	-	-
318	S211	5	False	True	1.0	0.8077	0.6	46.341	0.0	0.0	0.0	0.8889	-	-	-	-	-	-	0.6	-	-	-	-	-	-	-	-
319	S211	7	True	True	0.0	0.0	0.5	76.087	0.0	0.0	0.0	0.8889	0.8077	-	-	-	-	-	0.6	-	-	-	-	-	-	-	-
320	S211	6	True	True	0.0	0.0	0.571	88.889	0.0	0.0	0.0	0.8889	0.8077	-	0.0	-	-	-	0.6	-	-	-	-	-	-	-	-
321	S211	8	False	False	110.0	1.0	0.625	24.39	0.0	0.0	0.0	0.8889	0.8077	0.0	0.0	-	-	-	0.6	-	-	-	-	-	-	-	-
322	S211	9	False	False	110.0	1.0	0.556	16.216	0.0	0.0	0.0	0.8889	0.8077	0.0	0.0	1.0	-	-	0.6	-	-	-	-	-	-	-	-
323	S211	10	False	False	110.0	1.0	0.5	15.152	0.0	0.0	0.0	0.8889	0.8077	0.0	0.0	1.0	1.0	-	0.6	-	-	-	-	-	-	-	-
324	S211	16	False	True	5.0	0.9091	0.455	75.0	0.0	0.0	0.0	0.8889	0.8077	0.0	0.0	1.0	1.0	1.0	0.6	-	-	-	-	-	-	-	-
325	S211	18	False	True	1.0	0.55	0.417	40.909	0.0	0.0	0.0	0.8889	0.8077	0.0	0.0	1.0	1.0	1.0	0.6	-	-	-	-	0.9091	-	-	-
326	S211	22	False	True	18.0	0.9444	0.385	36.364	0.0	0.0	0.0	0.8889	0.8077	0.0	0.0	1.0	1.0	1.0	0.6	-	-	-	-	0.9091	0.55	-	-
327	S211	12	False	True	0.0	0.0	0.357	67.742	0.0	0.0	0.0	0.8889	0.8077	0.0	0.0	1.0	1.0	1.0	0.6	-	-	-	-	0.9091	0.55	-	0.9444
328	S211	13	True	True	0.0	0.0	0.333	38.71	0.0	0.0	0.0	0.8889	0.8077	0.0	0.0	1.0	1.0	1.0	0.6	0.0	-	-	-	0.9091	0.55	-	0.9444
329	S211	14	False	True	0.0	0.0	0.375	34.483	0.0	0.0	0.0	0.8889	0.8077	0.0	0.0	1.0	1.0	1.0	0.6	0.0	0.0	-	-	0.9091	0.55	-	0.9444
330	S211	15	False	True	25.0	0.9375	0.353	16.667	0.0	0.0	0.0	0.8889	0.8077	0.0	0.0	1.0	1.0	1.0	0.6	0.0	0.0	0.0	-	0.9091	0.55	-	0.9444
331	S211	19	False	True	13.0	0.7647	0.333	20.0	0.0	0.0	0.0	0.8889	0.8077	0.0	0.0	1.0	1.0	1.0	0.6	0.0	0.0	0.0	0.9375	0.9091	0.55	-	0.9444
332	S307	1	True	True	0.0	0.0		52.055	-	-	-	-	-	-	-	-	-	-	-	-	-	-	-	-	-	-	-
333	S307	2	True	True	0.0	0.0	1.0	95.385	0.0	-	-	-	-	-	-	-	-	-	-	-	-	-	-	-	-	-	-
334	S307	3	True	True	0.0	0.0	1.0	87.931	0.0	0.0	-	-	-	-	-	-	-	-	-	-	-	-	-	-	-	-	-
335	S307	4	True	True	0.0	0.0	1.0	36.364	0.0	0.0	0.0	-	-	-	-	-	-	-	-	-	-	-	-	-	-	-	-
336	S307	5	False	False	110.0	1.0	1.0	46.341	0.0	0.0	0.0	0.0	-	-	-	-	-	-	-	-	-	-	-	-	-	-	-
337	S307	6	True	True	0.0	0.0	0.8	88.889	0.0	0.0	0.0	0.0	1.0	-	-	-	-	-	-	-	-	-	-	-	-	-	-
338	S307	7	True	True	0.0	0.0	0.833	76.087	0.0	0.0	0.0	0.0	1.0	0.0	-	-	-	-	-	-	-	-	-	-	-	-	-
339	S307	8	False	True	1.0	0.4444	0.857	24.39	0.0	0.0	0.0	0.0	1.0	0.0	0.0	-	-	-	-	-	-	-	-	-	-	-	-
340	S307	9	True	True	0.0	0.0	0.75	16.216	0.0	0.0	0.0	0.0	1.0	0.0	0.0	0.4444	-	-	-	-	-	-	-	-	-	-	-
341	S307	10	False	False	110.0	1.0	0.778	15.152	0.0	0.0	0.0	0.0	1.0	0.0	0.0	0.4444	0.0	-	-	-	-	-	-	-	-	-	-
342	S331	1	True	True	0.0	0.0		52.055	-	-	-	-	-	-	-	-	-	-	-	-	-	-	-	-	-	-	-
343	S331	2	True	True	0.0	0.0	1.0	95.385	0.0	-	-	-	-	-	-	-	-	-	-	-	-	-	-	-	-	-	-
344	S331	3	True	True	0.0	0.0	1.0	87.931	0.0	0.0	-	-	-	-	-	-	-	-	-	-	-	-	-	-	-	-	-
345	S334	1	False	True	5.0	0.9254		52.055	-	-	-	-	-	-	-	-	-	-	-	-	-	-	-	-	-	-	-
346	S334	3	True	True	0.0	0.0	0.0	87.931	0.9254	-	-	-	-	-	-	-	-	-	-	-	-	-	-	-	-	-	-
347	S334	2	True	True	0.0	0.0	0.5	95.385	0.9254	-	0.0	-	-	-	-	-	-	-	-	-	-	-	-	-	-	-	-
348	S334	4	False	False	110.0	1.0	0.667	36.364	0.9254	0.0	0.0	-	-	-	-	-	-	-	-	-	-	-	-	-	-	-	-
349	S347	1	False	True	1.0	0.6567		52.055	-	-	-	-	-	-	-	-	-	-	-	-	-	-	-	-	-	-	-
350	S347	2	True	True	0.0	0.0	0.0	95.385	0.6567	-	-	-	-	-	-	-	-	-	-	-	-	-	-	-	-	-	-
351	S347	3	True	True	0.0	0.0	0.5	87.931	0.6567	0.0	-	-	-	-	-	-	-	-	-	-	-	-	-	-	-	-	-
352	S347	4	False	True	2.0	0.8611	0.667	36.364	0.6567	0.0	0.0	-	-	-	-	-	-	-	-	-	-	-	-	-	-	-	-
353	S347	5	True	True	0.0	0.0	0.5	46.341	0.6567	0.0	0.0	0.8611	-	-	-	-	-	-	-	-	-	-	-	-	-	-	-
354	S347	19	False	False	110.0	1.0	0.6	20.0	0.6567	0.0	0.0	0.8611	0.0	-	-	-	-	-	-	-	-	-	-	-	-	-	-
355	S372	1	True	True	0.0	0.0		52.055	-	-	-	-	-	-	-	-	-	-	-	-	-	-	-	-	-	-	-
356	S372	2	True	True	0.0	0.0	1.0	95.385	0.0	-	-	-	-	-	-	-	-	-	-	-	-	-	-	-	-	-	-
357	S372	3	False	True	0.0	0.0	1.0	87.931	0.0	0.0	-	-	-	-	-	-	-	-	-	-	-	-	-	-	-	-	-
358	S372	4	False	True	1.0	0.6944	0.667	36.364	0.0	0.0	0.0	-	-	-	-	-	-	-	-	-	-	-	-	-	-	-	-
359	S372	5	False	True	0.0	0.0	0.5	46.341	0.0	0.0	0.0	0.6944	-	-	-	-	-	-	-	-	-	-	-	-	-	-	-
360	S372	6	True	True	0.0	0.0	0.4	88.889	0.0	0.0	0.0	0.6944	0.0	-	-	-	-	-	-	-	-	-	-	-	-	-	-
361	S372	7	True	True	0.0	0.0	0.5	76.087	0.0	0.0	0.0	0.6944	0.0	0.0	-	-	-	-	-	-	-	-	-	-	-	-	-
362	S372	8	True	True	0.0	0.0	0.571	24.39	0.0	0.0	0.0	0.6944	0.0	0.0	0.0	-	-	-	-	-	-	-	-	-	-	-	-
363	S372	9	False	True	27.0	0.92	0.625	16.216	0.0	0.0	0.0	0.6944	0.0	0.0	0.0	0.0	-	-	-	-	-	-	-	-	-	-	-
364	S372	10	False	False	110.0	1.0	0.556	15.152	0.0	0.0	0.0	0.6944	0.0	0.0	0.0	0.0	0.92	-	-	-	-	-	-	-	-	-	-
365	S372	12	True	True	0.0	0.0	0.5	67.742	0.0	0.0	0.0	0.6944	0.0	0.0	0.0	0.0	0.92	1.0	-	-	-	-	-	-	-	-	-
366	S372	13	True	True	0.0	0.0	0.545	38.71	0.0	0.0	0.0	0.6944	0.0	0.0	0.0	0.0	0.92	1.0	-	0.0	-	-	-	-	-	-	-
367	S372	14	False	True	2.0	0.88	0.583	34.483	0.0	0.0	0.0	0.6944	0.0	0.0	0.0	0.0	0.92	1.0	-	0.0	0.0	-	-	-	-	-	-
368	S372	15	True	True	0.0	0.0	0.538	16.667	0.0	0.0	0.0	0.6944	0.0	0.0	0.0	0.0	0.92	1.0	-	0.0	0.0	0.88	-	-	-	-	-
369	S372	19	False	True	0.0	0.0	0.571	20.0	0.0	0.0	0.0	0.6944	0.0	0.0	0.0	0.0	0.92	1.0	-	0.0	0.0	0.88	0.0	-	-	-	-
370	S372	16	True	True	0.0	0.0	0.533	75.0	0.0	0.0	0.0	0.6944	0.0	0.0	0.0	0.0	0.92	1.0	-	0.0	0.0	0.88	0.0	-	-	0.0	-
371	S372	18	True	True	0.0	0.0	0.562	40.909	0.0	0.0	0.0	0.6944	0.0	0.0	0.0	0.0	0.92	1.0	-	0.0	0.0	0.88	0.0	0.0	-	0.0	-
372	S372	11	True	True	0.0	0.0	0.588	11.111	0.0	0.0	0.0	0.6944	0.0	0.0	0.0	0.0	0.92	1.0	-	0.0	0.0	0.88	0.0	0.0	0.0	0.0	-
373	S372	22	True	True	0.0	0.0	0.611	36.364	0.0	0.0	0.0	0.6944	0.0	0.0	0.0	0.0	0.92	1.0	0.0	0.0	0.0	0.88	0.0	0.0	0.0	0.0	-
374	S374	19	False	False	110.0	1.0		20.0	-	-	-	-	-	-	-	-	-	-	-	-	-	-	-	-	-	-	-
375	S377	2	True	True	0.0	0.0		95.385	-	-	-	-	-	-	-	-	-	-	-	-	-	-	-	-	-	-	-
376	S378	1	True	True	0.0	0.0		52.055	-	-	-	-	-	-	-	-	-	-	-	-	-	-	-	-	-	-	-
377	S378	2	True	True	0.0	0.0	1.0	95.385	0.0	-	-	-	-	-	-	-	-	-	-	-	-	-	-	-	-	-	-
378	S397	1	False	True	0.0	0.0		52.055	-	-	-	-	-	-	-	-	-	-	-	-	-	-	-	-	-	-	-
379	S397	2	True	True	0.0	0.0	0.0	95.385	0.0	-	-	-	-	-	-	-	-	-	-	-	-	-	-	-	-	-	-
380	S399	1	True	True	0.0	0.0		52.055	-	-	-	-	-	-	-	-	-	-	-	-	-	-	-	-	-	-	-
381	S399	3	False	True	6.0	0.9825	1.0	87.931	0.0	-	-	-	-	-	-	-	-	-	-	-	-	-	-	-	-	-	-
382	S399	2	True	True	0.0	0.0	0.5	95.385	0.0	-	0.9825	-	-	-	-	-	-	-	-	-	-	-	-	-	-	-	-
383	S399	4	False	True	0.0	0.0	0.667	36.364	0.0	0.0	0.9825	-	-	-	-	-	-	-	-	-	-	-	-	-	-	-	-
384	S399	5	False	False	110.0	1.0	0.5	46.341	0.0	0.0	0.9825	0.0	-	-	-	-	-	-	-	-	-	-	-	-	-	-	-
385	S399	6	True	True	0.0	0.0	0.4	88.889	0.0	0.0	0.9825	0.0	1.0	-	-	-	-	-	-	-	-	-	-	-	-	-	-
386	S399	7	True	True	0.0	0.0	0.5	76.087	0.0	0.0	0.9825	0.0	1.0	0.0	-	-	-	-	-	-	-	-	-	-	-	-	-
387	S399	8	True	True	0.0	0.0	0.571	24.39	0.0	0.0	0.9825	0.0	1.0	0.0	0.0	-	-	-	-	-	-	-	-	-	-	-	-
388	S399	9	False	True	20.0	0.84	0.625	16.216	0.0	0.0	0.9825	0.0	1.0	0.0	0.0	0.0	-	-	-	-	-	-	-	-	-	-	-
389	S399	10	False	True	7.0	0.7273	0.556	15.152	0.0	0.0	0.9825	0.0	1.0	0.0	0.0	0.0	0.84	-	-	-	-	-	-	-	-	-	-
390	S399	12	True	True	0.0	0.0	0.5	67.742	0.0	0.0	0.9825	0.0	1.0	0.0	0.0	0.0	0.84	0.7273	-	-	-	-	-	-	-	-	-
391	S399	13	True	True	0.0	0.0	0.545	38.71	0.0	0.0	0.9825	0.0	1.0	0.0	0.0	0.0	0.84	0.7273	-	0.0	-	-	-	-	-	-	-
392	S399	14	True	True	0.0	0.0	0.583	34.483	0.0	0.0	0.9825	0.0	1.0	0.0	0.0	0.0	0.84	0.7273	-	0.0	0.0	-	-	-	-	-	-
393	S399	15	False	True	5.0	0.625	0.615	16.667	0.0	0.0	0.9825	0.0	1.0	0.0	0.0	0.0	0.84	0.7273	-	0.0	0.0	0.0	-	-	-	-	-
394	S399	19	False	False	110.0	1.0	0.571	20.0	0.0	0.0	0.9825	0.0	1.0	0.0	0.0	0.0	0.84	0.7273	-	0.0	0.0	0.0	0.625	-	-	-	-
395	S412	19	False	True	106.0	0.9412		20.0	-	-	-	-	-	-	-	-	-	-	-	-	-	-	-	-	-	-	-
396	S430	1	False	True	5.0	0.9254		52.055	-	-	-	-	-	-	-	-	-	-	-	-	-	-	-	-	-	-	-
397	S430	2	True	True	5.0	1.0	0.0	95.385	0.9254	-	-	-	-	-	-	-	-	-	-	-	-	-	-	-	-	-	-
398	S430	3	True	True	0.0	0.0	0.5	87.931	0.9254	1.0	-	-	-	-	-	-	-	-	-	-	-	-	-	-	-	-	-
399	S430	4	True	True	0.0	0.0	0.667	36.364	0.9254	1.0	0.0	-	-	-	-	-	-	-	-	-	-	-	-	-	-	-	-
400	S430	5	True	True	0.0	0.0	0.75	46.341	0.9254	1.0	0.0	0.0	-	-	-	-	-	-	-	-	-	-	-	-	-	-	-
401	S430	6	True	True	0.0	0.0	0.8	88.889	0.9254	1.0	0.0	0.0	0.0	-	-	-	-	-	-	-	-	-	-	-	-	-	-
402	S430	7	True	True	0.0	0.0	0.833	76.087	0.9254	1.0	0.0	0.0	0.0	0.0	-	-	-	-	-	-	-	-	-	-	-	-	-
403	S430	8	True	True	0.0	0.0	0.857	24.39	0.9254	1.0	0.0	0.0	0.0	0.0	0.0	-	-	-	-	-	-	-	-	-	-	-	-
404	S430	9	False	True	1.0	0.28	0.875	16.216	0.9254	1.0	0.0	0.0	0.0	0.0	0.0	0.0	-	-	-	-	-	-	-	-	-	-	-
405	S430	10	False	True	16.0	0.9545	0.778	15.152	0.9254	1.0	0.0	0.0	0.0	0.0	0.0	0.0	0.28	-	-	-	-	-	-	-	-	-	-
406	S430	12	False	True	0.0	0.0	0.7	67.742	0.9254	1.0	0.0	0.0	0.0	0.0	0.0	0.0	0.28	0.9545	-	-	-	-	-	-	-	-	-
407	S430	13	False	True	4.0	0.88	0.636	38.71	0.9254	1.0	0.0	0.0	0.0	0.0	0.0	0.0	0.28	0.9545	-	0.0	-	-	-	-	-	-	-
408	S430	14	True	True	0.0	0.0	0.583	34.483	0.9254	1.0	0.0	0.0	0.0	0.0	0.0	0.0	0.28	0.9545	-	0.0	0.88	-	-	-	-	-	-
409	S430	15	False	False	110.0	1.0	0.615	16.667	0.9254	1.0	0.0	0.0	0.0	0.0	0.0	0.0	0.28	0.9545	-	0.0	0.88	0.0	-	-	-	-	-
410	S444	1	False	True	1.0	0.6567		52.055	-	-	-	-	-	-	-	-	-	-	-	-	-	-	-	-	-	-	-
411	S444	2	True	True	0.0	0.0	0.0	95.385	0.6567	-	-	-	-	-	-	-	-	-	-	-	-	-	-	-	-	-	-
412	S444	3	True	True	0.0	0.0	0.5	87.931	0.6567	0.0	-	-	-	-	-	-	-	-	-	-	-	-	-	-	-	-	-
413	S444	4	False	True	1.0	0.6944	0.667	36.364	0.6567	0.0	0.0	-	-	-	-	-	-	-	-	-	-	-	-	-	-	-	-
414	S454	1	True	True	0.0	0.0		52.055	-	-	-	-	-	-	-	-	-	-	-	-	-	-	-	-	-	-	-
415	S454	2	True	True	0.0	0.0	1.0	95.385	0.0	-	-	-	-	-	-	-	-	-	-	-	-	-	-	-	-	-	-
416	S454	3	False	True	0.0	0.0	1.0	87.931	0.0	0.0	-	-	-	-	-	-	-	-	-	-	-	-	-	-	-	-	-
417	S454	4	False	True	0.0	0.0	0.667	36.364	0.0	0.0	0.0	-	-	-	-	-	-	-	-	-	-	-	-	-	-	-	-
418	S454	5	False	False	110.0	1.0	0.5	46.341	0.0	0.0	0.0	0.0	-	-	-	-	-	-	-	-	-	-	-	-	-	-	-
419	S454	6	True	True	0.0	0.0	0.4	88.889	0.0	0.0	0.0	0.0	1.0	-	-	-	-	-	-	-	-	-	-	-	-	-	-
420	S454	7	False	True	0.0	0.0	0.5	76.087	0.0	0.0	0.0	0.0	1.0	0.0	-	-	-	-	-	-	-	-	-	-	-	-	-
421	S454	8	False	True	11.0	0.9259	0.429	24.39	0.0	0.0	0.0	0.0	1.0	0.0	0.0	-	-	-	-	-	-	-	-	-	-	-	-
422	S454	9	True	True	0.0	0.0	0.375	16.216	0.0	0.0	0.0	0.0	1.0	0.0	0.0	0.9259	-	-	-	-	-	-	-	-	-	-	-
423	S454	10	True	True	0.0	0.0	0.444	15.152	0.0	0.0	0.0	0.0	1.0	0.0	0.0	0.9259	0.0	-	-	-	-	-	-	-	-	-	-
424	S454	12	True	True	0.0	0.0	0.5	67.742	0.0	0.0	0.0	0.0	1.0	0.0	0.0	0.9259	0.0	0.0	-	-	-	-	-	-	-	-	-
425	S454	13	False	True	2.0	0.72	0.545	38.71	0.0	0.0	0.0	0.0	1.0	0.0	0.0	0.9259	0.0	0.0	-	0.0	-	-	-	-	-	-	-
426	S455	1	False	False	110.0	1.0		52.055	-	-	-	-	-	-	-	-	-	-	-	-	-	-	-	-	-	-	-
427	S457	1	False	True	2.0	0.8507		52.055	-	-	-	-	-	-	-	-	-	-	-	-	-	-	-	-	-	-	-
428	S467	1	True	True	0.0	0.0		52.055	-	-	-	-	-	-	-	-	-	-	-	-	-	-	-	-	-	-	-
429	S467	2	True	True	0.0	0.0	1.0	95.385	0.0	-	-	-	-	-	-	-	-	-	-	-	-	-	-	-	-	-	-
430	S467	3	True	True	0.0	0.0	1.0	87.931	0.0	0.0	-	-	-	-	-	-	-	-	-	-	-	-	-	-	-	-	-
431	S467	4	False	False	110.0	1.0	1.0	36.364	0.0	0.0	0.0	-	-	-	-	-	-	-	-	-	-	-	-	-	-	-	-
432	S467	13	True	True	0.0	0.0	0.75	38.71	0.0	0.0	0.0	1.0	-	-	-	-	-	-	-	-	-	-	-	-	-	-	-
433	S467	11	False	True	3.0	0.6	0.8	11.111	0.0	0.0	0.0	1.0	-	-	-	-	-	-	-	-	0.0	-	-	-	-	-	-
434	S467	14	False	True	1.0	0.6	0.667	34.483	0.0	0.0	0.0	1.0	-	-	-	-	-	-	0.6	-	0.0	-	-	-	-	-	-
435	S467	6	True	True	0.0	0.0	0.571	88.889	0.0	0.0	0.0	1.0	-	-	-	-	-	-	0.6	-	0.0	0.6	-	-	-	-	-
436	S467	5	True	True	0.0	0.0	0.625	46.341	0.0	0.0	0.0	1.0	-	0.0	-	-	-	-	0.6	-	0.0	0.6	-	-	-	-	-
437	S467	7	True	True	0.0	0.0	0.667	76.087	0.0	0.0	0.0	1.0	0.0	0.0	-	-	-	-	0.6	-	0.0	0.6	-	-	-	-	-
438	S467	8	True	True	0.0	0.0	0.7	24.39	0.0	0.0	0.0	1.0	0.0	0.0	0.0	-	-	-	0.6	-	0.0	0.6	-	-	-	-	-
439	S467	9	False	True	1.0	0.28	0.727	16.216	0.0	0.0	0.0	1.0	0.0	0.0	0.0	0.0	-	-	0.6	-	0.0	0.6	-	-	-	-	-
440	S467	10	False	True	1.0	0.3182	0.667	15.152	0.0	0.0	0.0	1.0	0.0	0.0	0.0	0.0	0.28	-	0.6	-	0.0	0.6	-	-	-	-	-
441	S467	12	True	True	0.0	0.0	0.615	67.742	0.0	0.0	0.0	1.0	0.0	0.0	0.0	0.0	0.28	0.3182	0.6	-	0.0	0.6	-	-	-	-	-
442	S467	15	True	True	0.0	0.0	0.643	16.667	0.0	0.0	0.0	1.0	0.0	0.0	0.0	0.0	0.28	0.3182	0.6	0.0	0.0	0.6	-	-	-	-	-
443	S467	19	True	True	0.0	0.0	0.667	20.0	0.0	0.0	0.0	1.0	0.0	0.0	0.0	0.0	0.28	0.3182	0.6	0.0	0.0	0.6	0.0	-	-	-	-
444	S467	16	True	True	0.0	0.0	0.688	75.0	0.0	0.0	0.0	1.0	0.0	0.0	0.0	0.0	0.28	0.3182	0.6	0.0	0.0	0.6	0.0	-	-	0.0	-
445	S467	18	True	True	0.0	0.0	0.706	40.909	0.0	0.0	0.0	1.0	0.0	0.0	0.0	0.0	0.28	0.3182	0.6	0.0	0.0	0.6	0.0	0.0	-	0.0	-
446	S467	22	True	True	0.0	0.0	0.722	36.364	0.0	0.0	0.0	1.0	0.0	0.0	0.0	0.0	0.28	0.3182	0.6	0.0	0.0	0.6	0.0	0.0	0.0	0.0	-
447	S469	1	False	True	1.0	0.6567		52.055	-	-	-	-	-	-	-	-	-	-	-	-	-	-	-	-	-	-	-
448	S469	2	True	True	0.0	0.0	0.0	95.385	0.6567	-	-	-	-	-	-	-	-	-	-	-	-	-	-	-	-	-	-
449	S469	3	True	True	0.0	0.0	0.5	87.931	0.6567	0.0	-	-	-	-	-	-	-	-	-	-	-	-	-	-	-	-	-
450	S469	4	False	False	110.0	1.0	0.667	36.364	0.6567	0.0	0.0	-	-	-	-	-	-	-	-	-	-	-	-	-	-	-	-
451	S469	5	False	False	110.0	1.0	0.5	46.341	0.6567	0.0	0.0	1.0	-	-	-	-	-	-	-	-	-	-	-	-	-	-	-
452	S469	6	True	True	0.0	0.0	0.4	88.889	0.6567	0.0	0.0	1.0	1.0	-	-	-	-	-	-	-	-	-	-	-	-	-	-
453	S469	7	True	True	0.0	0.0	0.5	76.087	0.6567	0.0	0.0	1.0	1.0	0.0	-	-	-	-	-	-	-	-	-	-	-	-	-
454	S469	8	False	True	4.0	0.8148	0.571	24.39	0.6567	0.0	0.0	1.0	1.0	0.0	0.0	-	-	-	-	-	-	-	-	-	-	-	-
455	S481	4	False	False	110.0	1.0		36.364	-	-	-	-	-	-	-	-	-	-	-	-	-	-	-	-	-	-	-
456	S496	1	True	True	0.0	0.0		52.055	-	-	-	-	-	-	-	-	-	-	-	-	-	-	-	-	-	-	-
457	S496	2	True	True	0.0	0.0	1.0	95.385	0.0	-	-	-	-	-	-	-	-	-	-	-	-	-	-	-	-	-	-
458	S496	3	True	True	0.0	0.0	1.0	87.931	0.0	0.0	-	-	-	-	-	-	-	-	-	-	-	-	-	-	-	-	-
459	S496	4	True	True	0.0	0.0	1.0	36.364	0.0	0.0	0.0	-	-	-	-	-	-	-	-	-	-	-	-	-	-	-	-
460	S496	5	True	True	0.0	0.0	1.0	46.341	0.0	0.0	0.0	0.0	-	-	-	-	-	-	-	-	-	-	-	-	-	-	-
461	S496	6	True	True	0.0	0.0	1.0	88.889	0.0	0.0	0.0	0.0	0.0	-	-	-	-	-	-	-	-	-	-	-	-	-	-
462	S496	7	True	True	0.0	0.0	1.0	76.087	0.0	0.0	0.0	0.0	0.0	0.0	-	-	-	-	-	-	-	-	-	-	-	-	-
463	S496	8	False	True	10.0	0.8889	1.0	24.39	0.0	0.0	0.0	0.0	0.0	0.0	0.0	-	-	-	-	-	-	-	-	-	-	-	-
464	S496	9	False	True	1.0	0.28	0.875	16.216	0.0	0.0	0.0	0.0	0.0	0.0	0.0	0.8889	-	-	-	-	-	-	-	-	-	-	-
465	S496	10	False	True	1.0	0.3182	0.778	15.152	0.0	0.0	0.0	0.0	0.0	0.0	0.0	0.8889	0.28	-	-	-	-	-	-	-	-	-	-
466	S496	12	True	True	0.0	0.0	0.7	67.742	0.0	0.0	0.0	0.0	0.0	0.0	0.0	0.8889	0.28	0.3182	-	-	-	-	-	-	-	-	-
467	S496	13	False	True	4.0	0.88	0.727	38.71	0.0	0.0	0.0	0.0	0.0	0.0	0.0	0.8889	0.28	0.3182	-	0.0	-	-	-	-	-	-	-
468	S496	14	False	True	1.0	0.6	0.667	34.483	0.0	0.0	0.0	0.0	0.0	0.0	0.0	0.8889	0.28	0.3182	-	0.0	0.88	-	-	-	-	-	-
469	S496	15	False	True	2.0	0.25	0.615	16.667	0.0	0.0	0.0	0.0	0.0	0.0	0.0	0.8889	0.28	0.3182	-	0.0	0.88	0.6	-	-	-	-	-
470	S496	19	False	True	0.0	0.0	0.571	20.0	0.0	0.0	0.0	0.0	0.0	0.0	0.0	0.8889	0.28	0.3182	-	0.0	0.88	0.6	0.25	-	-	-	-
471	S508	1	True	True	0.0	0.0		52.055	-	-	-	-	-	-	-	-	-	-	-	-	-	-	-	-	-	-	-
472	S508	2	True	True	0.0	0.0	1.0	95.385	0.0	-	-	-	-	-	-	-	-	-	-	-	-	-	-	-	-	-	-
473	S508	3	True	True	0.0	0.0	1.0	87.931	0.0	0.0	-	-	-	-	-	-	-	-	-	-	-	-	-	-	-	-	-
474	S508	4	False	False	110.0	1.0	1.0	36.364	0.0	0.0	0.0	-	-	-	-	-	-	-	-	-	-	-	-	-	-	-	-
475	S508	6	True	True	0.0	0.0	0.75	88.889	0.0	0.0	0.0	1.0	-	-	-	-	-	-	-	-	-	-	-	-	-	-	-
476	S508	5	False	False	110.0	1.0	0.8	46.341	0.0	0.0	0.0	1.0	-	0.0	-	-	-	-	-	-	-	-	-	-	-	-	-
477	S508	7	False	True	0.0	0.0	0.667	76.087	0.0	0.0	0.0	1.0	1.0	0.0	-	-	-	-	-	-	-	-	-	-	-	-	-
478	S508	8	False	True	0.0	0.0	0.571	24.39	0.0	0.0	0.0	1.0	1.0	0.0	0.0	-	-	-	-	-	-	-	-	-	-	-	-
479	S508	9	False	False	110.0	1.0	0.5	16.216	0.0	0.0	0.0	1.0	1.0	0.0	0.0	0.0	-	-	-	-	-	-	-	-	-	-	-
480	S510	1	False	True	0.0	0.0		52.055	-	-	-	-	-	-	-	-	-	-	-	-	-	-	-	-	-	-	-
481	S510	2	True	True	0.0	0.0	0.0	95.385	0.0	-	-	-	-	-	-	-	-	-	-	-	-	-	-	-	-	-	-
482	S510	3	True	True	0.0	0.0	0.5	87.931	0.0	0.0	-	-	-	-	-	-	-	-	-	-	-	-	-	-	-	-	-
483	S510	4	True	True	0.0	0.0	0.667	36.364	0.0	0.0	0.0	-	-	-	-	-	-	-	-	-	-	-	-	-	-	-	-
484	S510	5	True	True	0.0	0.0	0.75	46.341	0.0	0.0	0.0	0.0	-	-	-	-	-	-	-	-	-	-	-	-	-	-	-
485	S510	7	True	True	0.0	0.0	0.8	76.087	0.0	0.0	0.0	0.0	0.0	-	-	-	-	-	-	-	-	-	-	-	-	-	-
486	S510	6	True	True	0.0	0.0	0.833	88.889	0.0	0.0	0.0	0.0	0.0	-	0.0	-	-	-	-	-	-	-	-	-	-	-	-
487	S510	8	False	True	1.0	0.4444	0.857	24.39	0.0	0.0	0.0	0.0	0.0	0.0	0.0	-	-	-	-	-	-	-	-	-	-	-	-
488	S510	9	True	True	0.0	0.0	0.75	16.216	0.0	0.0	0.0	0.0	0.0	0.0	0.0	0.4444	-	-	-	-	-	-	-	-	-	-	-
489	S510	10	True	True	0.0	0.0	0.778	15.152	0.0	0.0	0.0	0.0	0.0	0.0	0.0	0.4444	0.0	-	-	-	-	-	-	-	-	-	-
490	S510	12	True	True	0.0	0.0	0.8	67.742	0.0	0.0	0.0	0.0	0.0	0.0	0.0	0.4444	0.0	0.0	-	-	-	-	-	-	-	-	-
491	S510	13	True	True	0.0	0.0	0.818	38.71	0.0	0.0	0.0	0.0	0.0	0.0	0.0	0.4444	0.0	0.0	-	0.0	-	-	-	-	-	-	-
492	S510	14	False	True	0.0	0.0	0.833	34.483	0.0	0.0	0.0	0.0	0.0	0.0	0.0	0.4444	0.0	0.0	-	0.0	0.0	-	-	-	-	-	-
493	S510	15	False	False	110.0	1.0	0.769	16.667	0.0	0.0	0.0	0.0	0.0	0.0	0.0	0.4444	0.0	0.0	-	0.0	0.0	0.0	-	-	-	-	-
494	S510	19	False	True	7.0	0.5882	0.714	20.0	0.0	0.0	0.0	0.0	0.0	0.0	0.0	0.4444	0.0	0.0	-	0.0	0.0	0.0	1.0	-	-	-	-
495	S510	16	True	True	0.0	0.0	0.667	75.0	0.0	0.0	0.0	0.0	0.0	0.0	0.0	0.4444	0.0	0.0	-	0.0	0.0	0.0	1.0	-	-	0.5882	-
496	S510	18	False	True	2.0	0.65	0.688	40.909	0.0	0.0	0.0	0.0	0.0	0.0	0.0	0.4444	0.0	0.0	-	0.0	0.0	0.0	1.0	0.0	-	0.5882	-
497	S510	11	False	True	2.0	0.4	0.647	11.111	0.0	0.0	0.0	0.0	0.0	0.0	0.0	0.4444	0.0	0.0	-	0.0	0.0	0.0	1.0	0.0	0.65	0.5882	-
498	S510	22	True	True	0.0	0.0	0.611	36.364	0.0	0.0	0.0	0.0	0.0	0.0	0.0	0.4444	0.0	0.0	0.4	0.0	0.0	0.0	1.0	0.0	0.65	0.5882	-
499	S523	2	True	True	0.0	0.0		95.385	-	-	-	-	-	-	-	-	-	-	-	-	-	-	-	-	-	-	-
500	S523	7	True	True	0.0	0.0	1.0	76.087	-	0.0	-	-	-	-	-	-	-	-	-	-	-	-	-	-	-	-	-
501	S534	1	True	True	0.0	0.0		52.055	-	-	-	-	-	-	-	-	-	-	-	-	-	-	-	-	-	-	-
502	S534	2	True	True	0.0	0.0	1.0	95.385	0.0	-	-	-	-	-	-	-	-	-	-	-	-	-	-	-	-	-	-
503	S534	3	True	True	0.0	0.0	1.0	87.931	0.0	0.0	-	-	-	-	-	-	-	-	-	-	-	-	-	-	-	-	-
504	S534	4	True	True	0.0	0.0	1.0	36.364	0.0	0.0	0.0	-	-	-	-	-	-	-	-	-	-	-	-	-	-	-	-
505	S534	5	False	True	3.0	0.9231	1.0	46.341	0.0	0.0	0.0	0.0	-	-	-	-	-	-	-	-	-	-	-	-	-	-	-
506	S534	6	True	True	0.0	0.0	0.8	88.889	0.0	0.0	0.0	0.0	0.9231	-	-	-	-	-	-	-	-	-	-	-	-	-	-
507	S534	7	True	True	0.0	0.0	0.833	76.087	0.0	0.0	0.0	0.0	0.9231	0.0	-	-	-	-	-	-	-	-	-	-	-	-	-
508	S534	8	True	True	0.0	0.0	0.857	24.39	0.0	0.0	0.0	0.0	0.9231	0.0	0.0	-	-	-	-	-	-	-	-	-	-	-	-
509	S534	9	True	True	0.0	0.0	0.875	16.216	0.0	0.0	0.0	0.0	0.9231	0.0	0.0	0.0	-	-	-	-	-	-	-	-	-	-	-
510	S534	10	False	True	6.0	0.6364	0.889	15.152	0.0	0.0	0.0	0.0	0.9231	0.0	0.0	0.0	0.0	-	-	-	-	-	-	-	-	-	-
511	S534	12	False	True	0.0	0.0	0.8	67.742	0.0	0.0	0.0	0.0	0.9231	0.0	0.0	0.0	0.0	0.6364	-	-	-	-	-	-	-	-	-
512	S534	13	True	True	0.0	0.0	0.727	38.71	0.0	0.0	0.0	0.0	0.9231	0.0	0.0	0.0	0.0	0.6364	-	0.0	-	-	-	-	-	-	-
513	S534	14	True	True	0.0	0.0	0.75	34.483	0.0	0.0	0.0	0.0	0.9231	0.0	0.0	0.0	0.0	0.6364	-	0.0	0.0	-	-	-	-	-	-
514	S534	15	True	True	0.0	0.0	0.769	16.667	0.0	0.0	0.0	0.0	0.9231	0.0	0.0	0.0	0.0	0.6364	-	0.0	0.0	0.0	-	-	-	-	-
515	S534	19	False	True	7.0	0.5882	0.786	20.0	0.0	0.0	0.0	0.0	0.9231	0.0	0.0	0.0	0.0	0.6364	-	0.0	0.0	0.0	0.0	-	-	-	-
516	S534	16	True	True	0.0	0.0	0.733	75.0	0.0	0.0	0.0	0.0	0.9231	0.0	0.0	0.0	0.0	0.6364	-	0.0	0.0	0.0	0.0	-	-	0.5882	-
517	S534	18	False	True	0.0	0.0	0.75	40.909	0.0	0.0	0.0	0.0	0.9231	0.0	0.0	0.0	0.0	0.6364	-	0.0	0.0	0.0	0.0	0.0	-	0.5882	-
518	S534	11	False	False	110.0	1.0	0.706	11.111	0.0	0.0	0.0	0.0	0.9231	0.0	0.0	0.0	0.0	0.6364	-	0.0	0.0	0.0	0.0	0.0	0.0	0.5882	-
519	S535	1	True	True	0.0	0.0		52.055	-	-	-	-	-	-	-	-	-	-	-	-	-	-	-	-	-	-	-
520	S535	2	True	True	0.0	0.0	1.0	95.385	0.0	-	-	-	-	-	-	-	-	-	-	-	-	-	-	-	-	-	-
521	S535	3	True	True	0.0	0.0	1.0	87.931	0.0	0.0	-	-	-	-	-	-	-	-	-	-	-	-	-	-	-	-	-
522	S535	4	False	True	0.0	0.0	1.0	36.364	0.0	0.0	0.0	-	-	-	-	-	-	-	-	-	-	-	-	-	-	-	-
523	S535	6	True	True	0.0	0.0	0.75	88.889	0.0	0.0	0.0	0.0	-	-	-	-	-	-	-	-	-	-	-	-	-	-	-
524	S535	7	True	True	0.0	0.0	0.8	76.087	0.0	0.0	0.0	0.0	-	0.0	-	-	-	-	-	-	-	-	-	-	-	-	-
525	S535	5	True	True	0.0	0.0	0.833	46.341	0.0	0.0	0.0	0.0	-	0.0	0.0	-	-	-	-	-	-	-	-	-	-	-	-
526	S535	8	False	True	3.0	0.7407	0.857	24.39	0.0	0.0	0.0	0.0	0.0	0.0	0.0	-	-	-	-	-	-	-	-	-	-	-	-
527	S535	9	False	False	110.0	1.0	0.75	16.216	0.0	0.0	0.0	0.0	0.0	0.0	0.0	0.7407	-	-	-	-	-	-	-	-	-	-	-
528	S535	10	False	True	0.0	0.0	0.667	15.152	0.0	0.0	0.0	0.0	0.0	0.0	0.0	0.7407	1.0	-	-	-	-	-	-	-	-	-	-
529	S535	12	True	True	0.0	0.0	0.6	67.742	0.0	0.0	0.0	0.0	0.0	0.0	0.0	0.7407	1.0	0.0	-	-	-	-	-	-	-	-	-
530	S535	13	True	True	0.0	0.0	0.636	38.71	0.0	0.0	0.0	0.0	0.0	0.0	0.0	0.7407	1.0	0.0	-	0.0	-	-	-	-	-	-	-
531	S535	14	True	True	0.0	0.0	0.667	34.483	0.0	0.0	0.0	0.0	0.0	0.0	0.0	0.7407	1.0	0.0	-	0.0	0.0	-	-	-	-	-	-
532	S535	15	False	True	3.0	0.375	0.692	16.667	0.0	0.0	0.0	0.0	0.0	0.0	0.0	0.7407	1.0	0.0	-	0.0	0.0	0.0	-	-	-	-	-
533	S535	19	False	True	5.0	0.4706	0.643	20.0	0.0	0.0	0.0	0.0	0.0	0.0	0.0	0.7407	1.0	0.0	-	0.0	0.0	0.0	0.375	-	-	-	-
534	S535	16	False	True	0.0	0.0	0.6	75.0	0.0	0.0	0.0	0.0	0.0	0.0	0.0	0.7407	1.0	0.0	-	0.0	0.0	0.0	0.375	-	-	0.4706	-
535	S535	18	False	True	0.0	0.0	0.562	40.909	0.0	0.0	0.0	0.0	0.0	0.0	0.0	0.7407	1.0	0.0	-	0.0	0.0	0.0	0.375	0.0	-	0.4706	-
536	S535	11	True	True	0.0	0.0	0.529	11.111	0.0	0.0	0.0	0.0	0.0	0.0	0.0	0.7407	1.0	0.0	-	0.0	0.0	0.0	0.375	0.0	0.0	0.4706	-
537	S535	22	False	True	1.0	0.4444	0.556	36.364	0.0	0.0	0.0	0.0	0.0	0.0	0.0	0.7407	1.0	0.0	0.0	0.0	0.0	0.0	0.375	0.0	0.0	0.4706	-
538	S537	1	False	True	7.0	0.9701		52.055	-	-	-	-	-	-	-	-	-	-	-	-	-	-	-	-	-	-	-
539	S537	2	False	True	1.0	0.9688	0.0	95.385	0.9701	-	-	-	-	-	-	-	-	-	-	-	-	-	-	-	-	-	-
540	S537	3	False	True	0.0	0.0	0.0	87.931	0.9701	0.9688	-	-	-	-	-	-	-	-	-	-	-	-	-	-	-	-	-
541	S537	4	False	True	1.0	0.6944	0.0	36.364	0.9701	0.9688	0.0	-	-	-	-	-	-	-	-	-	-	-	-	-	-	-	-
542	S537	5	False	False	110.0	1.0	0.0	46.341	0.9701	0.9688	0.0	0.6944	-	-	-	-	-	-	-	-	-	-	-	-	-	-	-
543	S537	6	True	True	0.0	0.0	0.0	88.889	0.9701	0.9688	0.0	0.6944	1.0	-	-	-	-	-	-	-	-	-	-	-	-	-	-
544	S537	7	True	True	0.0	0.0	0.167	76.087	0.9701	0.9688	0.0	0.6944	1.0	0.0	-	-	-	-	-	-	-	-	-	-	-	-	-
545	S537	8	True	True	0.0	0.0	0.286	24.39	0.9701	0.9688	0.0	0.6944	1.0	0.0	0.0	-	-	-	-	-	-	-	-	-	-	-	-
546	S537	9	False	True	12.0	0.8	0.375	16.216	0.9701	0.9688	0.0	0.6944	1.0	0.0	0.0	0.0	-	-	-	-	-	-	-	-	-	-	-
547	S537	19	False	True	7.0	0.5882	0.333	20.0	0.9701	0.9688	0.0	0.6944	1.0	0.0	0.0	0.0	0.8	-	-	-	-	-	-	-	-	-	-
548	S537	10	False	False	110.0	1.0	0.3	15.152	0.9701	0.9688	0.0	0.6944	1.0	0.0	0.0	0.0	0.8	-	-	-	-	-	-	-	-	0.5882	-
549	S537	12	False	True	0.0	0.0	0.273	67.742	0.9701	0.9688	0.0	0.6944	1.0	0.0	0.0	0.0	0.8	1.0	-	-	-	-	-	-	-	0.5882	-
550	S537	13	False	True	1.0	0.6	0.25	38.71	0.9701	0.9688	0.0	0.6944	1.0	0.0	0.0	0.0	0.8	1.0	-	0.0	-	-	-	-	-	0.5882	-
551	S537	14	True	True	0.0	0.0	0.231	34.483	0.9701	0.9688	0.0	0.6944	1.0	0.0	0.0	0.0	0.8	1.0	-	0.0	0.6	-	-	-	-	0.5882	-
552	S537	15	False	True	6.0	0.6875	0.286	16.667	0.9701	0.9688	0.0	0.6944	1.0	0.0	0.0	0.0	0.8	1.0	-	0.0	0.6	0.0	-	-	-	0.5882	-
553	S537	16	True	True	0.0	0.0	0.267	75.0	0.9701	0.9688	0.0	0.6944	1.0	0.0	0.0	0.0	0.8	1.0	-	0.0	0.6	0.0	0.6875	-	-	0.5882	-
554	S537	18	True	True	0.0	0.0	0.312	40.909	0.9701	0.9688	0.0	0.6944	1.0	0.0	0.0	0.0	0.8	1.0	-	0.0	0.6	0.0	0.6875	0.0	-	0.5882	-
555	S537	22	True	True	0.0	0.0	0.353	36.364	0.9701	0.9688	0.0	0.6944	1.0	0.0	0.0	0.0	0.8	1.0	-	0.0	0.6	0.0	0.6875	0.0	0.0	0.5882	-
556	S537	11	False	True	2.0	0.4	0.389	11.111	0.9701	0.9688	0.0	0.6944	1.0	0.0	0.0	0.0	0.8	1.0	-	0.0	0.6	0.0	0.6875	0.0	0.0	0.5882	0.0
557	S539	1	True	True	0.0	0.0		52.055	-	-	-	-	-	-	-	-	-	-	-	-	-	-	-	-	-	-	-
558	S539	2	True	True	0.0	0.0	1.0	95.385	0.0	-	-	-	-	-	-	-	-	-	-	-	-	-	-	-	-	-	-
559	S539	3	True	True	0.0	0.0	1.0	87.931	0.0	0.0	-	-	-	-	-	-	-	-	-	-	-	-	-	-	-	-	-
560	S539	4	True	True	0.0	0.0	1.0	36.364	0.0	0.0	0.0	-	-	-	-	-	-	-	-	-	-	-	-	-	-	-	-
561	S539	5	False	True	0.0	0.0	1.0	46.341	0.0	0.0	0.0	0.0	-	-	-	-	-	-	-	-	-	-	-	-	-	-	-
562	S539	6	True	True	0.0	0.0	0.8	88.889	0.0	0.0	0.0	0.0	0.0	-	-	-	-	-	-	-	-	-	-	-	-	-	-
563	S539	7	True	True	0.0	0.0	0.833	76.087	0.0	0.0	0.0	0.0	0.0	0.0	-	-	-	-	-	-	-	-	-	-	-	-	-
564	S539	8	False	True	1.0	0.4444	0.857	24.39	0.0	0.0	0.0	0.0	0.0	0.0	0.0	-	-	-	-	-	-	-	-	-	-	-	-
565	S539	9	False	True	7.0	0.6	0.75	16.216	0.0	0.0	0.0	0.0	0.0	0.0	0.0	0.4444	-	-	-	-	-	-	-	-	-	-	-
566	S539	10	False	True	2.0	0.5	0.667	15.152	0.0	0.0	0.0	0.0	0.0	0.0	0.0	0.4444	0.6	-	-	-	-	-	-	-	-	-	-
567	S539	12	True	True	0.0	0.0	0.6	67.742	0.0	0.0	0.0	0.0	0.0	0.0	0.0	0.4444	0.6	0.5	-	-	-	-	-	-	-	-	-
568	S539	13	False	True	3.0	0.8	0.636	38.71	0.0	0.0	0.0	0.0	0.0	0.0	0.0	0.4444	0.6	0.5	-	0.0	-	-	-	-	-	-	-
569	S539	14	False	True	1.0	0.6	0.583	34.483	0.0	0.0	0.0	0.0	0.0	0.0	0.0	0.4444	0.6	0.5	-	0.0	0.8	-	-	-	-	-	-
570	S539	15	False	False	110.0	1.0	0.538	16.667	0.0	0.0	0.0	0.0	0.0	0.0	0.0	0.4444	0.6	0.5	-	0.0	0.8	0.6	-	-	-	-	-
571	S540	14	True	True	1.0	0.6		34.483	-	-	-	-	-	-	-	-	-	-	-	-	-	-	-	-	-	-	-
572	S546	1	True	True	0.0	0.0		52.055	-	-	-	-	-	-	-	-	-	-	-	-	-	-	-	-	-	-	-
573	S546	2	True	True	0.0	0.0	1.0	95.385	0.0	-	-	-	-	-	-	-	-	-	-	-	-	-	-	-	-	-	-
574	S546	3	True	True	0.0	0.0	1.0	87.931	0.0	0.0	-	-	-	-	-	-	-	-	-	-	-	-	-	-	-	-	-
575	S546	4	True	True	0.0	0.0	1.0	36.364	0.0	0.0	0.0	-	-	-	-	-	-	-	-	-	-	-	-	-	-	-	-
576	S546	5	True	True	0.0	0.0	1.0	46.341	0.0	0.0	0.0	0.0	-	-	-	-	-	-	-	-	-	-	-	-	-	-	-
577	S586	1	True	True	0.0	0.0		52.055	-	-	-	-	-	-	-	-	-	-	-	-	-	-	-	-	-	-	-
578	S586	2	True	True	0.0	0.0	1.0	95.385	0.0	-	-	-	-	-	-	-	-	-	-	-	-	-	-	-	-	-	-
579	S586	3	True	True	0.0	0.0	1.0	87.931	0.0	0.0	-	-	-	-	-	-	-	-	-	-	-	-	-	-	-	-	-
580	S586	4	True	True	0.0	0.0	1.0	36.364	0.0	0.0	0.0	-	-	-	-	-	-	-	-	-	-	-	-	-	-	-	-
581	S586	5	False	False	110.0	1.0	1.0	46.341	0.0	0.0	0.0	0.0	-	-	-	-	-	-	-	-	-	-	-	-	-	-	-
582	S586	6	True	True	0.0	0.0	0.8	88.889	0.0	0.0	0.0	0.0	1.0	-	-	-	-	-	-	-	-	-	-	-	-	-	-
583	S586	7	True	True	0.0	0.0	0.833	76.087	0.0	0.0	0.0	0.0	1.0	0.0	-	-	-	-	-	-	-	-	-	-	-	-	-
584	S586	8	True	True	0.0	0.0	0.857	24.39	0.0	0.0	0.0	0.0	1.0	0.0	0.0	-	-	-	-	-	-	-	-	-	-	-	-
585	S586	9	False	True	8.0	0.68	0.875	16.216	0.0	0.0	0.0	0.0	1.0	0.0	0.0	0.0	-	-	-	-	-	-	-	-	-	-	-
586	S586	10	False	True	13.0	0.9091	0.778	15.152	0.0	0.0	0.0	0.0	1.0	0.0	0.0	0.0	0.68	-	-	-	-	-	-	-	-	-	-
587	S586	12	True	True	0.0	0.0	0.7	67.742	0.0	0.0	0.0	0.0	1.0	0.0	0.0	0.0	0.68	0.9091	-	-	-	-	-	-	-	-	-
588	S586	13	False	True	3.0	0.8	0.727	38.71	0.0	0.0	0.0	0.0	1.0	0.0	0.0	0.0	0.68	0.9091	-	0.0	-	-	-	-	-	-	-
589	S586	14	True	True	0.0	0.0	0.667	34.483	0.0	0.0	0.0	0.0	1.0	0.0	0.0	0.0	0.68	0.9091	-	0.0	0.8	-	-	-	-	-	-
590	S586	15	False	True	3.0	0.375	0.692	16.667	0.0	0.0	0.0	0.0	1.0	0.0	0.0	0.0	0.68	0.9091	-	0.0	0.8	0.0	-	-	-	-	-
591	S586	19	False	False	110.0	1.0	0.643	20.0	0.0	0.0	0.0	0.0	1.0	0.0	0.0	0.0	0.68	0.9091	-	0.0	0.8	0.0	0.375	-	-	-	-
592	S587	1	False	True	1.0	0.6567		52.055	-	-	-	-	-	-	-	-	-	-	-	-	-	-	-	-	-	-	-
593	S588	1	False	False	110.0	1.0		52.055	-	-	-	-	-	-	-	-	-	-	-	-	-	-	-	-	-	-	-
594	S592	1	True	True	0.0	0.0		52.055	-	-	-	-	-	-	-	-	-	-	-	-	-	-	-	-	-	-	-
595	S592	2	True	True	0.0	0.0	1.0	95.385	0.0	-	-	-	-	-	-	-	-	-	-	-	-	-	-	-	-	-	-
596	S592	3	True	True	0.0	0.0	1.0	87.931	0.0	0.0	-	-	-	-	-	-	-	-	-	-	-	-	-	-	-	-	-
597	S592	4	True	True	0.0	0.0	1.0	36.364	0.0	0.0	0.0	-	-	-	-	-	-	-	-	-	-	-	-	-	-	-	-
598	S592	5	True	True	0.0	0.0	1.0	46.341	0.0	0.0	0.0	0.0	-	-	-	-	-	-	-	-	-	-	-	-	-	-	-
599	S592	6	True	True	0.0	0.0	1.0	88.889	0.0	0.0	0.0	0.0	0.0	-	-	-	-	-	-	-	-	-	-	-	-	-	-
600	S592	7	True	True	0.0	0.0	1.0	76.087	0.0	0.0	0.0	0.0	0.0	0.0	-	-	-	-	-	-	-	-	-	-	-	-	-
601	S592	8	False	True	55.0	0.963	1.0	24.39	0.0	0.0	0.0	0.0	0.0	0.0	0.0	-	-	-	-	-	-	-	-	-	-	-	-
602	S592	9	False	True	9.0	0.76	0.875	16.216	0.0	0.0	0.0	0.0	0.0	0.0	0.0	0.963	-	-	-	-	-	-	-	-	-	-	-
603	S592	10	False	True	5.0	0.5909	0.778	15.152	0.0	0.0	0.0	0.0	0.0	0.0	0.0	0.963	0.76	-	-	-	-	-	-	-	-	-	-
604	S602	1	False	True	1.0	0.6567		52.055	-	-	-	-	-	-	-	-	-	-	-	-	-	-	-	-	-	-	-
605	S602	2	True	True	0.0	0.0	0.0	95.385	0.6567	-	-	-	-	-	-	-	-	-	-	-	-	-	-	-	-	-	-
606	S602	3	True	True	0.0	0.0	0.5	87.931	0.6567	0.0	-	-	-	-	-	-	-	-	-	-	-	-	-	-	-	-	-
607	S602	4	False	False	110.0	1.0	0.667	36.364	0.6567	0.0	0.0	-	-	-	-	-	-	-	-	-	-	-	-	-	-	-	-
608	S602	5	True	True	0.0	0.0	0.5	46.341	0.6567	0.0	0.0	1.0	-	-	-	-	-	-	-	-	-	-	-	-	-	-	-
609	S602	6	True	True	0.0	0.0	0.6	88.889	0.6567	0.0	0.0	1.0	0.0	-	-	-	-	-	-	-	-	-	-	-	-	-	-
610	S602	7	True	True	0.0	0.0	0.667	76.087	0.6567	0.0	0.0	1.0	0.0	0.0	-	-	-	-	-	-	-	-	-	-	-	-	-
611	S602	8	False	True	1.0	0.4444	0.714	24.39	0.6567	0.0	0.0	1.0	0.0	0.0	0.0	-	-	-	-	-	-	-	-	-	-	-	-
612	S602	9	False	True	2.0	0.48	0.625	16.216	0.6567	0.0	0.0	1.0	0.0	0.0	0.0	0.4444	-	-	-	-	-	-	-	-	-	-	-
613	S602	10	True	True	0.0	0.0	0.556	15.152	0.6567	0.0	0.0	1.0	0.0	0.0	0.0	0.4444	0.48	-	-	-	-	-	-	-	-	-	-
614	S602	12	True	True	0.0	0.0	0.6	67.742	0.6567	0.0	0.0	1.0	0.0	0.0	0.0	0.4444	0.48	0.0	-	-	-	-	-	-	-	-	-
615	S602	13	True	True	0.0	0.0	0.636	38.71	0.6567	0.0	0.0	1.0	0.0	0.0	0.0	0.4444	0.48	0.0	-	0.0	-	-	-	-	-	-	-
616	S608	1	True	True	0.0	0.0		52.055	-	-	-	-	-	-	-	-	-	-	-	-	-	-	-	-	-	-	-
617	S608	2	True	True	0.0	0.0	1.0	95.385	0.0	-	-	-	-	-	-	-	-	-	-	-	-	-	-	-	-	-	-
618	S608	3	True	True	0.0	0.0	1.0	87.931	0.0	0.0	-	-	-	-	-	-	-	-	-	-	-	-	-	-	-	-	-
619	S608	4	False	True	1.0	0.6944	1.0	36.364	0.0	0.0	0.0	-	-	-	-	-	-	-	-	-	-	-	-	-	-	-	-
620	S608	5	True	True	0.0	0.0	0.75	46.341	0.0	0.0	0.0	0.6944	-	-	-	-	-	-	-	-	-	-	-	-	-	-	-
621	S608	6	True	True	0.0	0.0	0.8	88.889	0.0	0.0	0.0	0.6944	0.0	-	-	-	-	-	-	-	-	-	-	-	-	-	-
622	S608	7	True	True	0.0	0.0	0.833	76.087	0.0	0.0	0.0	0.6944	0.0	0.0	-	-	-	-	-	-	-	-	-	-	-	-	-
623	S608	8	False	True	1.0	0.4444	0.857	24.39	0.0	0.0	0.0	0.6944	0.0	0.0	0.0	-	-	-	-	-	-	-	-	-	-	-	-
624	S608	9	False	True	4.0	0.56	0.75	16.216	0.0	0.0	0.0	0.6944	0.0	0.0	0.0	0.4444	-	-	-	-	-	-	-	-	-	-	-
625	S608	10	False	False	110.0	1.0	0.667	15.152	0.0	0.0	0.0	0.6944	0.0	0.0	0.0	0.4444	0.56	-	-	-	-	-	-	-	-	-	-
626	S608	12	True	True	0.0	0.0	0.6	67.742	0.0	0.0	0.0	0.6944	0.0	0.0	0.0	0.4444	0.56	1.0	-	-	-	-	-	-	-	-	-
627	S608	13	False	False	110.0	1.0	0.636	38.71	0.0	0.0	0.0	0.6944	0.0	0.0	0.0	0.4444	0.56	1.0	-	0.0	-	-	-	-	-	-	-
628	S642	1	True	True	0.0	0.0		52.055	-	-	-	-	-	-	-	-	-	-	-	-	-	-	-	-	-	-	-
629	S642	2	True	True	0.0	0.0	1.0	95.385	0.0	-	-	-	-	-	-	-	-	-	-	-	-	-	-	-	-	-	-
630	S642	3	True	True	0.0	0.0	1.0	87.931	0.0	0.0	-	-	-	-	-	-	-	-	-	-	-	-	-	-	-	-	-
631	S642	4	True	True	0.0	0.0	1.0	36.364	0.0	0.0	0.0	-	-	-	-	-	-	-	-	-	-	-	-	-	-	-	-
632	S642	5	False	False	110.0	1.0	1.0	46.341	0.0	0.0	0.0	0.0	-	-	-	-	-	-	-	-	-	-	-	-	-	-	-
633	S642	6	False	True	0.0	0.0	0.8	88.889	0.0	0.0	0.0	0.0	1.0	-	-	-	-	-	-	-	-	-	-	-	-	-	-
634	S642	7	False	True	0.0	0.0	0.667	76.087	0.0	0.0	0.0	0.0	1.0	0.0	-	-	-	-	-	-	-	-	-	-	-	-	-
635	S642	8	True	True	0.0	0.0	0.571	24.39	0.0	0.0	0.0	0.0	1.0	0.0	0.0	-	-	-	-	-	-	-	-	-	-	-	-
636	S642	9	False	True	0.0	0.0	0.625	16.216	0.0	0.0	0.0	0.0	1.0	0.0	0.0	0.0	-	-	-	-	-	-	-	-	-	-	-
637	S642	10	False	True	0.0	0.0	0.556	15.152	0.0	0.0	0.0	0.0	1.0	0.0	0.0	0.0	0.0	-	-	-	-	-	-	-	-	-	-
638	S642	12	False	True	0.0	0.0	0.5	67.742	0.0	0.0	0.0	0.0	1.0	0.0	0.0	0.0	0.0	0.0	-	-	-	-	-	-	-	-	-
639	S642	13	True	True	0.0	0.0	0.455	38.71	0.0	0.0	0.0	0.0	1.0	0.0	0.0	0.0	0.0	0.0	-	0.0	-	-	-	-	-	-	-
640	S642	14	True	True	0.0	0.0	0.5	34.483	0.0	0.0	0.0	0.0	1.0	0.0	0.0	0.0	0.0	0.0	-	0.0	0.0	-	-	-	-	-	-
641	S642	15	False	True	4.0	0.5	0.538	16.667	0.0	0.0	0.0	0.0	1.0	0.0	0.0	0.0	0.0	0.0	-	0.0	0.0	0.0	-	-	-	-	-
642	S652	1	False	True	1.0	0.6567		52.055	-	-	-	-	-	-	-	-	-	-	-	-	-	-	-	-	-	-	-
643	S654	1	False	True	1.0	0.6567		52.055	-	-	-	-	-	-	-	-	-	-	-	-	-	-	-	-	-	-	-
644	S654	2	True	True	0.0	0.0	0.0	95.385	0.6567	-	-	-	-	-	-	-	-	-	-	-	-	-	-	-	-	-	-
645	S654	3	True	True	0.0	0.0	0.5	87.931	0.6567	0.0	-	-	-	-	-	-	-	-	-	-	-	-	-	-	-	-	-
646	S654	4	True	True	0.0	0.0	0.667	36.364	0.6567	0.0	0.0	-	-	-	-	-	-	-	-	-	-	-	-	-	-	-	-
647	S654	5	True	True	2.0	0.8462	0.75	46.341	0.6567	0.0	0.0	0.0	-	-	-	-	-	-	-	-	-	-	-	-	-	-	-
648	S654	6	True	True	0.0	0.0	0.8	88.889	0.6567	0.0	0.0	0.0	0.8462	-	-	-	-	-	-	-	-	-	-	-	-	-	-
649	S654	7	True	True	0.0	0.0	0.833	76.087	0.6567	0.0	0.0	0.0	0.8462	0.0	-	-	-	-	-	-	-	-	-	-	-	-	-
650	S654	8	True	True	0.0	0.0	0.857	24.39	0.6567	0.0	0.0	0.0	0.8462	0.0	0.0	-	-	-	-	-	-	-	-	-	-	-	-
651	S654	9	False	True	8.0	0.68	0.875	16.216	0.6567	0.0	0.0	0.0	0.8462	0.0	0.0	0.0	-	-	-	-	-	-	-	-	-	-	-
652	S654	10	False	True	7.0	0.7273	0.778	15.152	0.6567	0.0	0.0	0.0	0.8462	0.0	0.0	0.0	0.68	-	-	-	-	-	-	-	-	-	-
653	S658	1	True	True	0.0	0.0		52.055	-	-	-	-	-	-	-	-	-	-	-	-	-	-	-	-	-	-	-
654	S658	2	True	True	0.0	0.0	1.0	95.385	0.0	-	-	-	-	-	-	-	-	-	-	-	-	-	-	-	-	-	-
655	S658	3	True	True	0.0	0.0	1.0	87.931	0.0	0.0	-	-	-	-	-	-	-	-	-	-	-	-	-	-	-	-	-
656	S658	19	True	True	0.0	0.0	1.0	20.0	0.0	0.0	0.0	-	-	-	-	-	-	-	-	-	-	-	-	-	-	-	-
657	S658	14	True	True	0.0	0.0	1.0	34.483	0.0	0.0	0.0	-	-	-	-	-	-	-	-	-	-	-	-	-	-	0.0	-
658	S659	1	False	False	110.0	1.0		52.055	-	-	-	-	-	-	-	-	-	-	-	-	-	-	-	-	-	-	-
659	S665	1	True	True	0.0	0.0		52.055	-	-	-	-	-	-	-	-	-	-	-	-	-	-	-	-	-	-	-
660	S683	1	False	True	2.0	0.8507		52.055	-	-	-	-	-	-	-	-	-	-	-	-	-	-	-	-	-	-	-
661	S683	2	True	True	0.0	0.0	0.0	95.385	0.8507	-	-	-	-	-	-	-	-	-	-	-	-	-	-	-	-	-	-
662	S683	3	True	True	0.0	0.0	0.5	87.931	0.8507	0.0	-	-	-	-	-	-	-	-	-	-	-	-	-	-	-	-	-
663	S683	4	True	True	0.0	0.0	0.667	36.364	0.8507	0.0	0.0	-	-	-	-	-	-	-	-	-	-	-	-	-	-	-	-
664	S683	5	False	False	110.0	1.0	0.75	46.341	0.8507	0.0	0.0	0.0	-	-	-	-	-	-	-	-	-	-	-	-	-	-	-
665	S683	6	True	True	0.0	0.0	0.6	88.889	0.8507	0.0	0.0	0.0	1.0	-	-	-	-	-	-	-	-	-	-	-	-	-	-
666	S683	7	True	True	0.0	0.0	0.667	76.087	0.8507	0.0	0.0	0.0	1.0	0.0	-	-	-	-	-	-	-	-	-	-	-	-	-
667	S683	8	False	True	3.0	0.7407	0.714	24.39	0.8507	0.0	0.0	0.0	1.0	0.0	0.0	-	-	-	-	-	-	-	-	-	-	-	-
668	S683	9	True	True	0.0	0.0	0.625	16.216	0.8507	0.0	0.0	0.0	1.0	0.0	0.0	0.7407	-	-	-	-	-	-	-	-	-	-	-
669	S683	12	True	True	0.0	0.0	0.667	67.742	0.8507	0.0	0.0	0.0	1.0	0.0	0.0	0.7407	0.0	0.0	-	-	-	-	-	-	-	-	-
670	S683	10	True	True	0.0	0.0	0.7	15.152	0.8507	0.0	0.0	0.0	1.0	0.0	0.0	0.7407	0.0	-	-	-	-	-	-	-	-	-	-
671	S683	13	True	True	0.0	0.0	0.727	38.71	0.8507	0.0	0.0	0.0	1.0	0.0	0.0	0.7407	0.0	0.0	-	0.0	-	-	-	-	-	-	-
672	S683	14	True	True	0.0	0.0	0.75	34.483	0.8507	0.0	0.0	0.0	1.0	0.0	0.0	0.7407	0.0	0.0	-	0.0	0.0	-	-	-	-	-	-
673	S683	15	False	True	4.0	0.5	0.769	16.667	0.8507	0.0	0.0	0.0	1.0	0.0	0.0	0.7407	0.0	0.0	-	0.0	0.0	0.0	-	-	-	-	-
674	S683	19	True	True	0.0	0.0	0.714	20.0	0.8507	0.0	0.0	0.0	1.0	0.0	0.0	0.7407	0.0	0.0	-	0.0	0.0	0.0	0.5	-	-	-	-
675	S683	16	True	True	0.0	0.0	0.733	75.0	0.8507	0.0	0.0	0.0	1.0	0.0	0.0	0.7407	0.0	0.0	-	0.0	0.0	0.0	0.5	-	-	0.0	-
676	S683	18	True	True	0.0	0.0	0.75	40.909	0.8507	0.0	0.0	0.0	1.0	0.0	0.0	0.7407	0.0	0.0	-	0.0	0.0	0.0	0.5	0.0	-	0.0	-
677	S683	11	True	True	0.0	0.0	0.765	11.111	0.8507	0.0	0.0	0.0	1.0	0.0	0.0	0.7407	0.0	0.0	-	0.0	0.0	0.0	0.5	0.0	0.0	0.0	-
678	S683	22	True	True	0.0	0.0	0.778	36.364	0.8507	0.0	0.0	0.0	1.0	0.0	0.0	0.7407	0.0	0.0	0.0	0.0	0.0	0.0	0.5	0.0	0.0	0.0	-
679	S707	19	True	True	0.0	0.0		20.0	-	-	-	-	-	-	-	-	-	-	-	-	-	-	-	-	-	-	-
680	S720	7	True	True	0.0	0.0		76.087	-	-	-	-	-	-	-	-	-	-	-	-	-	-	-	-	-	-	-
681	S720	2	True	True	0.0	0.0	1.0	95.385	-	-	-	-	-	-	0.0	-	-	-	-	-	-	-	-	-	-	-	-
682	S720	12	False	True	1.0	0.9286	1.0	67.742	-	0.0	-	-	-	-	0.0	-	-	-	-	-	-	-	-	-	-	-	-
683	S749	1	False	True	4.0	0.9104		52.055	-	-	-	-	-	-	-	-	-	-	-	-	-	-	-	-	-	-	-
684	S749	2	True	True	0.0	0.0	0.0	95.385	0.9104	-	-	-	-	-	-	-	-	-	-	-	-	-	-	-	-	-	-
685	S749	3	True	True	0.0	0.0	0.5	87.931	0.9104	0.0	-	-	-	-	-	-	-	-	-	-	-	-	-	-	-	-	-
686	S749	4	True	True	0.0	0.0	0.667	36.364	0.9104	0.0	0.0	-	-	-	-	-	-	-	-	-	-	-	-	-	-	-	-
687	S749	5	True	True	0.0	0.0	0.75	46.341	0.9104	0.0	0.0	0.0	-	-	-	-	-	-	-	-	-	-	-	-	-	-	-
688	S749	6	True	True	0.0	0.0	0.8	88.889	0.9104	0.0	0.0	0.0	0.0	-	-	-	-	-	-	-	-	-	-	-	-	-	-
689	S749	7	True	True	0.0	0.0	0.833	76.087	0.9104	0.0	0.0	0.0	0.0	0.0	-	-	-	-	-	-	-	-	-	-	-	-	-
690	S749	8	False	True	1.0	0.4444	0.857	24.39	0.9104	0.0	0.0	0.0	0.0	0.0	0.0	-	-	-	-	-	-	-	-	-	-	-	-
691	S749	9	False	True	37.0	0.96	0.75	16.216	0.9104	0.0	0.0	0.0	0.0	0.0	0.0	0.4444	-	-	-	-	-	-	-	-	-	-	-
692	S749	10	False	True	1.0	0.3182	0.667	15.152	0.9104	0.0	0.0	0.0	0.0	0.0	0.0	0.4444	0.96	-	-	-	-	-	-	-	-	-	-
693	S749	12	True	True	0.0	0.0	0.6	67.742	0.9104	0.0	0.0	0.0	0.0	0.0	0.0	0.4444	0.96	0.3182	-	-	-	-	-	-	-	-	-
694	S749	13	True	True	0.0	0.0	0.636	38.71	0.9104	0.0	0.0	0.0	0.0	0.0	0.0	0.4444	0.96	0.3182	-	0.0	-	-	-	-	-	-	-
695	S761	1	False	True	1.0	0.6567		52.055	-	-	-	-	-	-	-	-	-	-	-	-	-	-	-	-	-	-	-
696	S761	2	True	True	0.0	0.0	0.0	95.385	0.6567	-	-	-	-	-	-	-	-	-	-	-	-	-	-	-	-	-	-
697	S761	3	True	True	0.0	0.0	0.5	87.931	0.6567	0.0	-	-	-	-	-	-	-	-	-	-	-	-	-	-	-	-	-
698	S761	22	True	True	0.0	0.0	0.667	36.364	0.6567	0.0	0.0	-	-	-	-	-	-	-	-	-	-	-	-	-	-	-	-
699	S763	1	False	False	110.0	1.0		52.055	-	-	-	-	-	-	-	-	-	-	-	-	-	-	-	-	-	-	-
700	S773	1	True	True	0.0	0.0		52.055	-	-	-	-	-	-	-	-	-	-	-	-	-	-	-	-	-	-	-
701	S773	2	True	True	0.0	0.0	1.0	95.385	0.0	-	-	-	-	-	-	-	-	-	-	-	-	-	-	-	-	-	-
702	S773	3	True	True	0.0	0.0	1.0	87.931	0.0	0.0	-	-	-	-	-	-	-	-	-	-	-	-	-	-	-	-	-
703	S773	4	True	True	0.0	0.0	1.0	36.364	0.0	0.0	0.0	-	-	-	-	-	-	-	-	-	-	-	-	-	-	-	-
704	S773	6	True	True	0.0	0.0	1.0	88.889	0.0	0.0	0.0	0.0	-	-	-	-	-	-	-	-	-	-	-	-	-	-	-
705	S773	5	True	True	0.0	0.0	1.0	46.341	0.0	0.0	0.0	0.0	-	0.0	-	-	-	-	-	-	-	-	-	-	-	-	-
706	S773	7	True	True	0.0	0.0	1.0	76.087	0.0	0.0	0.0	0.0	0.0	0.0	-	-	-	-	-	-	-	-	-	-	-	-	-
707	S773	8	False	True	1.0	0.4444	1.0	24.39	0.0	0.0	0.0	0.0	0.0	0.0	0.0	-	-	-	-	-	-	-	-	-	-	-	-
708	S773	9	False	True	1.0	0.28	0.875	16.216	0.0	0.0	0.0	0.0	0.0	0.0	0.0	0.4444	-	-	-	-	-	-	-	-	-	-	-
709	S773	10	False	False	110.0	1.0	0.778	15.152	0.0	0.0	0.0	0.0	0.0	0.0	0.0	0.4444	0.28	-	-	-	-	-	-	-	-	-	-
710	SA	3	True	True	0.0	0.0		87.931	-	-	-	-	-	-	-	-	-	-	-	-	-	-	-	-	-	-	-
711	SA	1	True	True	0.0	0.0	1.0	52.055	-	-	0.0	-	-	-	-	-	-	-	-	-	-	-	-	-	-	-	-
712	SA	2	True	True	0.0	0.0	1.0	95.385	0.0	-	0.0	-	-	-	-	-	-	-	-	-	-	-	-	-	-	-	-
713	SA	4	True	True	0.0	0.0	1.0	36.364	0.0	0.0	0.0	-	-	-	-	-	-	-	-	-	-	-	-	-	-	-	-
714	SA	11	False	True	6.0	0.8	1.0	11.111	0.0	0.0	0.0	0.0	-	-	-	-	-	-	-	-	-	-	-	-	-	-	-
715	SA	5	True	True	0.0	0.0	0.8	46.341	0.0	0.0	0.0	0.0	-	-	-	-	-	-	0.8	-	-	-	-	-	-	-	-
716	SA	6	True	True	0.0	0.0	0.833	88.889	0.0	0.0	0.0	0.0	0.0	-	-	-	-	-	0.8	-	-	-	-	-	-	-	-
717	SA	7	True	True	0.0	0.0	0.857	76.087	0.0	0.0	0.0	0.0	0.0	0.0	-	-	-	-	0.8	-	-	-	-	-	-	-	-
718	SA	8	False	True	2.0	0.7037	0.875	24.39	0.0	0.0	0.0	0.0	0.0	0.0	0.0	-	-	-	0.8	-	-	-	-	-	-	-	-
719	SA	9	False	False	110.0	1.0	0.778	16.216	0.0	0.0	0.0	0.0	0.0	0.0	0.0	0.7037	-	-	0.8	-	-	-	-	-	-	-	-
720	SA	10	False	True	11.0	0.8636	0.7	15.152	0.0	0.0	0.0	0.0	0.0	0.0	0.0	0.7037	1.0	-	0.8	-	-	-	-	-	-	-	-
721	SA	16	True	True	0.0	0.0	0.636	75.0	0.0	0.0	0.0	0.0	0.0	0.0	0.0	0.7037	1.0	0.8636	0.8	-	-	-	-	-	-	-	-
722	SA	18	False	True	5.0	0.7	0.667	40.909	0.0	0.0	0.0	0.0	0.0	0.0	0.0	0.7037	1.0	0.8636	0.8	-	-	-	-	0.0	-	-	-
723	SA	22	False	True	11.0	0.8889	0.615	36.364	0.0	0.0	0.0	0.0	0.0	0.0	0.0	0.7037	1.0	0.8636	0.8	-	-	-	-	0.0	0.7	-	-
724	SA	12	True	True	0.0	0.0	0.571	67.742	0.0	0.0	0.0	0.0	0.0	0.0	0.0	0.7037	1.0	0.8636	0.8	-	-	-	-	0.0	0.7	-	0.8889
725	SA	13	False	True	15.0	0.96	0.6	38.71	0.0	0.0	0.0	0.0	0.0	0.0	0.0	0.7037	1.0	0.8636	0.8	0.0	-	-	-	0.0	0.7	-	0.8889
726	SA	14	False	True	5.0	0.92	0.562	34.483	0.0	0.0	0.0	0.0	0.0	0.0	0.0	0.7037	1.0	0.8636	0.8	0.0	0.96	-	-	0.0	0.7	-	0.8889
727	SA	15	False	True	2.0	0.25	0.529	16.667	0.0	0.0	0.0	0.0	0.0	0.0	0.0	0.7037	1.0	0.8636	0.8	0.0	0.96	0.92	-	0.0	0.7	-	0.8889
728	SA	19	False	True	47.0	0.8824	0.5	20.0	0.0	0.0	0.0	0.0	0.0	0.0	0.0	0.7037	1.0	0.8636	0.8	0.0	0.96	0.92	0.25	0.0	0.7	-	0.8889
